0.152100,0.067766,0.364086,0.479455,0.472028,0.304834,-0.520710,-0.326350,0.789114,-0.107244,-0.247160,0.184158,0.942700,0.970618,1.146816,0.234817,-0.251656,-1.271509,0.866040,-0.096636,0.254649,-0.445623,0.120837,-0.426220
0.231150,1.101635,-0.298613,-1.146059,0.627700,-2.434748,-0.731797,-0.827867,5.321948,0.252403,-1.029681,-0.708044,1.832366,1.977298,1.905522,3.157277,0.369081,-0.323086,0.130716,-0.443157,0.767010,-1.888394,0.357183,-0.473381
-1.192342,-0.488096,-0.071431,-0.069272,-0.153393,-0.012835,-0.714030,-0.719957,0.471212,-0.147223,-1.147810,-0.341880,1.062596,0.691128,1.343142,-0.059664,-1.342710,-0.246498,-0.116561,-0.624362,-0.476917,-0.520779,-0.465730,-1.032502
0.416103,0.210889,0.343421,0.430513,0.415735,-0.226234,-0.578645,-0.375579,0.504921,-0.015741,-0.282642,-0.024236,0.702396,1.012270,0.799858,0.661794,-0.328757,-1.101417,0.883127,0.175691,0.397014,-0.643902,-0.340154,-0.211911
0.968405,0.155295,0.196091,0.234363,0.009312,-0.555800,-0.361756,-0.608747,0.739249,0.251018,-0.364363,-0.235882,0.730745,0.951464,0.727470,1.195118,-0.432782,-1.058082,0.857279,0.127660,0.856979,-0.679840,-0.188216,-0.184295
1.612361,0.315847,0.156293,0.165852,-0.224124,-0.558818,-0.554595,-0.559391,1.483198,0.293570,-0.311794,0.034835,0.530784,1.484575,0.606810,0.777454,-0.878770,-1.562430,0.977648,0.186010,1.248888,-1.063595,0.170373,-0.493804
3.629469,-1.094781,0.581245,0.866380,0.118960,0.212649,-0.087344,-0.704299,2.267891,0.196930,-0.921710,0.122296,1.179874,2.611003,0.794055,1.070091,-1.345737,-1.409307,1.834139,0.696777,1.809972,-0.802881,-0.684584,-0.548589
-1.513449,-0.158592,0.128894,-0.319328,-0.495867,-0.350953,-0.397326,3.349486,-0.703411,-0.222584,-0.980124,-1.267307,0.071664,-0.099486,0.641726,1.242751,0.311168,1.607642,-0.101788,-1.344759,-0.697017,-1.493361,0.224508,-1.183015
-1.279486,-0.264432,-0.033219,-0.501837,-0.445789,-0.283009,-0.202290,3.225389,-0.544825,0.351637,-1.147419,-1.133481,0.791021,0.025658,0.572487,0.917488,0.507807,2.638878,0.073934,-1.158491,-0.643211,-1.480330,0.306421,-1.041617
-0.892631,1.321868,1.207932,1.488539,-0.510325,-0.725238,0.169993,2.071080,-0.197939,1.144450,-1.011196,-0.783778,0.359154,0.448872,4.282597,2.539454,1.198611,-0.082721,1.098204,-1.030199,0.505379,-2.928524,0.117897,-1.424391
-0.599105,2.758648,1.182174,2.933617,-0.848042,-0.292989,0.148679,0.969849,1.243846,0.367344,-1.248349,-1.077977,0.190958,0.122286,2.871262,2.503844,2.273262,-1.358744,3.216705,-0.899152,-0.174069,-2.217141,-0.746807,-0.405882
-0.547078,3.722809,0.461593,1.769569,-0.126830,-0.350451,-0.427979,1.066153,-0.170957,0.036823,-1.835012,-0.727445,0.245969,-0.012438,1.811167,1.453665,2.638313,-0.277152,2.872068,-0.365733,-0.026679,-1.600947,0.066340,-0.561270
0.225730,0.132784,-0.158866,-0.399651,0.138320,-0.075675,-0.405703,-0.509919,1.482265,-0.036951,-0.383619,0.247355,1.733628,1.090360,1.905337,1.326102,-0.221203,-0.717451,-0.527466,-0.987364,-0.435743,-0.547525,-0.069733,-0.106368
-0.434438,-0.000965,-0.667952,0.073853,2.305877,-0.834292,-1.069070,-2.088642,-0.854430,-0.436055,-0.148109,-0.312763,-0.497628,-0.740296,-1.006155,-0.646549,-0.387216,0.110501,-0.722890,0.998938,-0.621711,-0.692233,0.197446,-0.554419
-0.842707,0.466746,0.598630,0.269605,1.028349,-0.586883,-0.075291,-1.300976,-1.013973,-0.287699,-0.634468,0.097149,0.178526,1.117928,0.086105,0.564841,-0.575489,-1.044348,0.110630,1.117174,-0.253929,-0.817984,0.301771,-0.394496
0.483695,0.180250,0.782768,0.901131,-0.796018,-0.496588,-0.372844,-0.227002,3.298079,0.286516,-0.650996,-0.259446,1.565202,2.100428,2.683648,2.270926,-0.518273,-1.474902,-0.079058,0.071797,0.054465,-0.915955,0.139873,-0.678457
-0.493720,-0.132309,1.013059,2.450304,-0.360211,-0.233374,-0.092011,0.234455,1.897410,1.909841,-1.208761,0.868255,0.555300,2.141872,1.574193,2.118894,-1.503306,-1.649553,0.756981,0.862633,0.109297,-1.267585,-0.139542,-1.265423
4.191236,1.332493,-0.417646,-0.050334,-0.558198,-1.181905,-1.270657,-2.089074,1.964571,-0.095797,-1.624132,-0.418865,0.107135,1.181794,-0.681925,1.018633,-0.977474,-2.082180,3.588329,0.578152,3.407260,-0.991192,-0.276953,-0.774383
0.902926,-0.648402,1.286634,1.912160,0.370981,-1.223633,0.191712,-0.363042,2.801427,1.162944,0.035930,-0.224103,0.881985,2.553594,2.397165,0.912116,-1.481821,-2.231658,0.627276,0.203349,1.460331,-2.231753,-1.118761,0.003849
1.587063,-0.016657,0.454541,0.949158,0.159235,-0.539742,-1.256222,-1.567480,1.859801,0.177753,-0.328344,0.243966,1.295620,1.227516,0.551680,1.007446,-0.968278,-1.292181,0.841885,-0.305332,1.413476,-0.989103,0.271748,-0.606969
1.787694,0.390428,-0.267201,-0.573259,0.256330,-1.381623,-0.704872,-1.245972,3.736260,0.203916,-2.226241,-0.001164,0.542288,1.557147,1.463220,2.680958,-0.979287,-1.397897,0.838789,-0.150286,2.000868,-1.686420,0.352623,-0.790741
3.107298,0.345121,0.041305,-0.651315,0.096927,-1.064208,-0.726964,-1.653233,2.721940,0.562708,-1.476928,-0.258340,0.318574,1.730923,0.859334,1.241705,-1.222148,-1.302460,2.202232,0.470859,2.257481,-1.715329,0.125761,-0.774691
0.975626,0.343322,-0.260084,-1.323199,-0.330136,-2.179406,-1.404860,-0.517933,6.360347,-0.150871,-1.833931,-0.875856,1.601918,2.824758,3.070809,4.734195,-0.550026,-0.284364,-0.795545,-0.235364,0.904048,-1.792817,0.388253,-0.218899
-1.397225,2.118345,-0.452445,0.247683,-0.895887,-0.202068,-0.871075,0.613634,-0.795624,-1.677852,-1.449086,-0.314779,3.336738,-0.395981,-0.756872,0.546066,13.484220,1.385163,2.096512,-0.950836,1.119684,-0.907342,-0.918416,-2.166782
-0.347971,1.870667,0.158182,-0.094836,0.867890,-0.670467,0.608857,0.206140,-0.679936,-0.561227,-0.801673,-0.336856,0.492716,-0.267924,0.934065,2.536851,3.021808,0.067510,1.364508,-0.790613,-0.055438,-0.940513,0.325492,-0.318548
-0.254812,1.473186,0.623152,0.310331,1.334383,-0.088888,0.049232,0.448082,-0.281567,0.104156,-0.283573,-0.762351,-0.485250,-0.728455,-0.364479,1.623146,0.313281,-0.238101,1.024001,0.258279,-0.363048,0.375345,-0.140544,0.585587
-0.101530,0.189598,-0.138715,0.054583,0.834003,-0.822035,-0.556984,-0.736944,-0.247982,-0.026695,-0.889837,-0.589639,-0.087327,0.778627,0.294400,-0.092590,0.026544,0.183027,-0.684294,-0.736381,-0.562706,-0.979120,0.296529,1.121226
0.351659,3.488224,-0.027949,-0.081267,0.778774,-0.370116,-0.655966,-0.709692,-0.029321,-0.340044,-1.288780,-0.188147,0.446930,-0.363138,0.843128,0.736201,2.186873,-0.778416,1.687589,0.506060,0.261014,-0.131980,0.296400,1.150583
-1.266931,0.496556,0.893304,1.850413,1.002290,0.597988,0.252711,-0.266703,-0.024147,0.601406,-0.791778,0.940988,-0.187608,1.241105,1.327718,1.925550,0.250323,-1.338637,-0.319293,1.194224,-0.444267,0.162756,0.342484,-0.215784
-0.749025,0.822616,-0.197890,-0.246793,2.293526,-0.449021,-0.716224,-1.490773,-0.838064,-0.925954,-0.291338,-0.344411,-0.224799,-0.591424,-0.867041,-0.359502,-0.910367,-1.117492,-0.081802,1.377042,0.048421,-0.322164,-0.081362,2.237546
-0.248629,1.050395,-0.599923,0.058593,3.691885,-1.106396,-1.422522,-1.585448,-0.708725,-1.263254,0.182349,-0.806833,-0.705574,1.075640,-0.460368,-0.350721,-1.424267,-1.215935,0.105248,1.145565,0.323367,-1.226490,0.338385,-0.256495
-1.005917,-1.264488,-0.865378,-0.298259,1.776401,-0.521517,-0.260607,-0.415516,-1.281074,-1.688748,0.414646,-0.495932,-1.576453,-1.296444,-0.031400,-0.107037,-0.548200,0.953699,-1.538188,1.202377,-0.680146,-0.325526,0.331243,-0.311123
-0.091285,0.135137,-0.459776,-0.020572,4.387100,-1.416667,-0.765154,-1.940228,-1.741448,-0.710752,0.252667,-0.115639,-0.900468,-1.412889,-1.600017,-2.008406,-1.386428,-1.881284,0.159731,1.232529,-0.125300,-0.090153,-0.183245,2.046212
-0.484041,0.230317,-0.207641,0.615514,2.071885,-1.426763,-0.660061,-1.924307,-1.580762,-0.541091,-0.299840,-1.192159,-1.213171,-1.375460,-0.988901,-0.709499,-1.443877,-1.174987,-1.098822,0.670429,-0.345430,-0.615966,-0.336673,1.482032
0.484028,0.758421,0.347968,0.688772,3.315153,-1.085695,-0.246789,-1.557497,-0.838109,-1.122491,-0.092107,-0.700566,-0.762223,-0.671758,-1.154872,-0.440394,-0.797859,-1.358535,-0.231051,1.048849,0.724245,-0.798970,0.247316,0.569950
-1.366562,-0.722266,-0.646273,-0.436758,-0.520090,-0.148125,-0.562756,0.889121,-0.103966,-0.750370,-0.828516,-0.276856,-0.386372,-0.222524,-0.348577,-0.285828,-0.744043,2.561241,-1.234287,-1.280807,-0.509183,-0.263047,0.223356,-0.536320
-0.933696,-0.625436,-0.431045,-0.510191,-0.032683,-0.963528,-0.408717,0.330765,-0.056021,-0.138138,0.949581,-0.426829,-0.101957,0.241150,0.632055,0.195022,-0.721751,0.959044,-0.795237,-0.355519,-0.888448,-0.728427,0.244735,0.007935
-0.934493,-0.424215,-0.256703,-0.300226,0.384052,-1.009054,-0.595594,0.305615,-0.283835,-1.258280,0.558546,-0.858874,-0.031658,-1.063164,0.830713,0.489311,-0.373971,0.769399,-0.317758,-0.323350,-0.421891,-0.634155,0.266840,0.189423
-0.771053,-0.794307,-0.217882,-1.019493,0.303374,0.025290,-0.669186,0.255585,-0.263494,-0.185529,-0.623664,-0.185678,-0.329050,0.237965,0.583048,0.598258,-0.168219,1.498493,-0.714074,-0.938651,-0.509030,-0.860343,0.156232,-0.976095
-1.773951,-1.110086,0.445364,0.677605,-0.707134,0.148657,0.176485,3.027072,-0.965045,-0.801318,-0.197721,-0.647659,-0.154956,-0.619590,1.378779,1.875079,-0.783168,0.960680,-0.719340,-1.209502,-0.605813,-0.768210,0.348278,-0.874272
-2.014881,-0.584082,0.524926,0.935990,-0.099624,-0.032054,0.286913,2.287678,-1.429111,-0.775455,-0.580891,-0.831648,0.241522,-0.856803,0.453530,0.845298,-0.693103,2.012766,-0.127559,-1.444600,-0.858075,-1.612301,0.147218,-1.757358
-0.910045,-1.049673,0.079928,0.077614,-0.115782,-0.760746,-0.196914,1.694478,2.119643,0.260619,-0.394914,-0.198276,0.643044,1.897734,2.974903,3.524134,-0.734406,0.254135,-0.431227,-0.681584,-0.104606,-1.368766,0.002955,-0.211272
-1.227506,1.268856,1.141949,2.869678,-0.132882,-0.193227,0.554066,2.562160,-1.194881,1.513475,-0.997543,-0.273817,0.103189,-0.272877,0.905550,1.779475,1.248873,-0.894157,3.387706,0.049327,-0.222487,-1.590737,0.236746,-1.413503
-1.090067,-0.308010,0.375426,0.613394,0.058912,-0.289224,0.109275,0.738721,0.257427,0.018294,-0.228296,-0.062587,-0.513955,-0.122608,0.844184,1.591632,-0.103774,-0.110763,-0.424321,-0.756634,-0.543118,-0.765372,-0.271632,-0.033810
-0.595601,-0.590033,1.052659,1.238377,0.491137,-0.554281,0.337898,0.210183,1.200017,0.223529,-0.268641,0.096621,0.677331,2.490142,1.690133,2.304144,0.407784,-0.131722,-0.453669,-0.178859,-0.311683,-0.850330,0.276982,0.378298
-1.302329,0.104958,1.442890,2.390366,-0.018931,-0.498249,-0.084200,0.136951,1.814901,2.082693,-0.805900,0.589429,-0.176930,2.551476,3.667047,2.689550,-0.538243,-1.491122,-0.301468,1.008106,-0.894405,-0.799500,0.312538,-1.323618
-1.037221,-0.521944,0.970902,1.072157,-0.892214,-0.250724,0.467666,1.423023,1.844077,1.660404,-0.919789,0.571776,0.532235,1.320586,1.589228,3.589914,-0.416989,0.084043,0.146888,-0.221309,-0.204796,-1.150420,-0.428675,-1.181198
-1.110031,0.061464,1.875633,1.363491,-2.208607,-0.366344,0.542541,0.190463,1.198790,3.757438,-0.732737,0.793643,1.243343,1.608109,2.233478,1.736520,-1.033668,-2.221234,1.725673,1.179262,0.446446,-1.989415,0.275644,-1.006594
-0.613556,-0.771297,1.075566,1.334963,-0.714747,-0.468003,0.231946,0.923956,0.909870,1.616462,-0.279233,0.530633,0.608135,1.686982,3.088198,2.027232,-0.685518,-0.656541,-0.146958,0.389114,0.011890,-1.222554,0.243164,-0.703806
-0.256670,0.160652,1.489714,3.341731,-0.918999,0.462168,0.759598,0.652759,0.968993,3.795646,-0.193571,2.040825,0.535558,2.674501,1.057146,1.539638,-1.122472,-2.421640,2.733278,2.061014,0.307113,-0.833245,0.451475,-0.988203
-0.965399,-0.409902,-0.036056,-0.517576,-0.445462,0.238649,-0.175999,2.102423,-0.260460,0.691800,-1.069687,-0.385053,0.462083,0.152547,0.318622,1.393369,0.105942,1.315614,-0.112698,-0.761284,-0.527310,-0.565100,0.180996,-0.603126
-1.671650,-0.601618,-0.012921,-0.219616,-0.589074,-0.289455,-0.459148,2.082139,0.449894,0.487115,-1.712908,-0.443587,0.823332,0.649548,0.695035,3.480271,-0.602717,1.524951,-0.596401,-1.234221,-0.217475,-1.386268,0.315489,-1.356743
-1.169803,-0.615714,-0.510736,-0.466251,-0.717456,0.059962,-0.350487,2.544765,-0.813896,-0.217592,-0.750589,-0.712499,0.372565,-0.376271,-0.089688,0.321223,0.664823,2.782023,0.394265,-0.954148,-0.505590,-1.251067,0.284086,-1.231506
-1.742826,0.045126,0.437986,-0.461743,-0.777266,-0.400320,-0.539315,3.333526,0.265289,0.169131,-0.899108,-1.507697,0.559320,-0.348947,1.327795,2.042349,0.280757,0.897153,-1.105841,-1.153479,-0.958598,-1.737269,0.151283,-1.222693
-1.460941,-0.820670,-0.281726,-0.675173,0.012396,-0.216675,-0.812801,2.426140,-0.835990,-0.617770,-0.561392,-0.915247,-0.656044,-0.523168,0.159721,1.168691,-0.204156,1.252507,-0.638731,-1.306662,-0.549754,-0.853335,0.218934,-1.138461
-1.015363,1.076647,1.648046,0.812357,-0.564957,-0.031370,-0.897891,2.001669,0.707173,0.875165,-1.391119,-0.852857,0.364142,0.220528,0.630459,4.200719,2.128224,0.198765,2.663225,-1.319170,0.020951,-1.181253,-0.097326,-0.904808
-1.237919,-0.769104,0.653062,-0.237272,0.370869,-0.851288,-0.376191,1.152638,-1.766593,-1.279602,-0.137047,-1.442074,-0.065328,-0.838001,-0.300877,0.492343,-0.613094,4.458317,-0.454176,-0.700044,-0.973773,-0.608278,0.366240,-1.369282
0.787198,-1.108655,0.425452,-0.889988,0.867286,-0.320631,0.105247,-1.207018,-2.081820,-0.680560,0.786082,0.460539,-0.959301,-1.027430,0.156467,0.504483,-1.318019,4.765127,-0.409725,-0.770396,-0.585044,0.843748,-0.258394,-0.650191
0.322957,-1.871387,1.624430,0.207356,0.359646,0.503123,1.573309,0.310138,-1.656948,-1.232703,1.320672,0.085241,-0.719697,-0.653099,-0.089743,0.210268,-1.335847,5.356950,0.937365,-0.931979,-0.210441,1.571842,0.381061,-0.022349
-0.167035,-0.746865,1.718105,2.108229,0.246174,0.715762,1.998838,1.009456,-1.347082,0.183659,0.713802,0.694303,-0.203884,-0.127899,0.167198,0.532969,-0.502071,1.735985,2.609664,0.033669,-0.160712,0.152527,0.122364,-0.498218
0.119330,-0.891188,0.109938,-1.031243,2.029791,-0.080492,-0.132277,-1.570531,-1.607230,-0.548826,2.933985,-0.263304,-1.485176,-1.041931,-1.198460,-0.945647,-2.154468,0.046651,-0.462694,0.263071,-0.678050,1.017459,0.272425,1.526774
0.029265,-0.236358,-0.310770,-0.233833,0.852559,-0.498721,-0.284959,-1.545788,-2.092660,-0.829855,-0.394547,-0.364862,-1.375015,-1.234239,-0.832391,-0.692978,-1.117818,0.063381,-0.360695,0.766167,-0.771933,0.718311,0.319509,1.176484
-0.058234,1.483851,0.670610,0.944657,0.803854,-0.179888,0.312759,-0.891222,-1.217858,0.297549,-0.410531,-0.046701,-0.828094,-0.875074,-0.829726,0.245392,-0.199865,-0.863819,2.492558,1.078866,-0.115894,0.881538,0.398807,1.489991
0.666049,0.059233,0.344594,-0.148834,2.081062,-0.843972,-0.948431,-1.664949,-0.974160,-0.145534,1.789692,-1.099974,-2.018469,-0.471075,-0.616879,-0.697989,-1.436234,0.038361,-0.624370,0.045533,-0.540459,0.692773,0.348375,1.651857
0.548966,0.335231,-0.827934,-0.776557,2.620962,-0.779551,-0.860024,-2.109842,-1.370795,-0.803788,2.470435,-1.416716,-1.762263,-1.798377,-1.541181,-0.246659,-2.139160,-0.205787,-1.014223,-0.383042,-0.532646,0.602527,0.377651,2.050927
0.222987,2.147441,-1.378138,-0.464068,1.211399,-1.050945,-1.497629,-2.352332,-1.707379,-0.473604,-0.154692,-1.187803,-1.179634,-1.409942,-0.719868,0.440414,-0.500439,-1.071387,1.192340,0.585614,-0.153482,0.931455,0.353247,0.775938
-0.169657,1.196448,0.653085,1.140790,1.108830,-0.389419,-0.124831,-0.496368,-0.452279,-0.067295,0.211797,0.309655,-0.329906,-0.099206,0.209192,0.351251,-0.532209,-0.413944,1.125646,1.095714,0.178150,0.200384,0.266367,0.264971
-0.265031,-0.069668,-0.054269,0.105302,1.847275,-0.753330,-0.976113,-1.265854,-1.063652,-0.085013,0.276900,-0.299717,-1.200343,-0.658710,-0.337252,-0.605887,-0.878112,-0.939162,-0.148367,0.769757,0.518386,0.039882,-0.051347,0.074108
0.539624,1.168671,-0.252262,-0.048849,2.206402,-0.627059,-0.886020,-1.889305,-1.376831,-0.639963,-0.027454,-0.721838,-1.293114,-1.017792,-0.761037,-0.598314,-0.687259,-0.602017,-0.982878,0.525502,-0.317196,1.076881,0.250537,3.100220
-0.400867,0.697379,0.236383,-0.177921,1.620734,-0.608409,-0.678885,-1.391675,-1.059792,-0.074103,0.184342,-0.236533,-1.259963,-0.967991,-0.088457,0.286846,-0.808774,-0.726606,-0.361039,0.107148,-0.539918,0.356671,0.191149,1.384490
0.030132,0.710595,0.319708,-0.176580,0.547083,-1.015934,-0.569277,-0.465684,-1.291267,-0.336783,-0.317881,-0.164029,-1.503885,-0.447563,-0.461917,-0.198440,-0.812433,-0.984791,0.030430,1.176501,0.142078,-0.088581,-0.558663,1.188536
-0.000624,-0.378446,-0.613221,0.240730,1.971221,-0.790049,-0.610877,-1.088190,-1.198625,-0.379714,0.869328,-0.461742,-0.831327,-0.991300,-0.726341,-0.422608,-0.375148,-0.156097,-0.526924,0.808418,-0.303605,0.158697,-0.501346,0.770589
-0.447104,2.227013,1.722700,2.110917,-0.173684,0.383087,0.990673,-0.026744,-0.350017,0.725920,-0.325851,0.385371,-0.285368,0.220319,-0.265906,1.043457,0.439277,-1.989378,3.001353,1.579373,-0.062980,-0.351026,0.196123,0.821500
-0.473950,7.014943,0.676710,2.664414,-0.293850,0.057361,0.586014,-0.195736,-0.780852,-0.076053,-1.329366,0.223484,0.967570,-0.116865,-0.979974,1.418735,2.977167,-1.147555,6.279541,0.626727,0.867373,0.272163,0.263094,-0.273791
0.948332,7.797972,-0.365583,0.442069,0.886883,-0.205339,0.348415,-0.825436,-1.010427,-0.673051,-0.810978,-0.113365,0.123408,-0.589402,-1.170546,0.670479,2.155708,-1.489349,4.392882,1.375947,0.427829,1.214015,0.287284,1.610501
0.933887,5.930587,-0.414407,0.324322,1.164937,-0.048328,0.419637,-0.450540,-1.506737,-0.764665,-0.757496,0.288061,-0.695015,-0.995763,-0.723037,0.686470,0.918564,-1.400330,4.238133,1.810578,0.473198,1.624534,0.413261,2.016514
0.507007,1.268827,0.518800,0.416479,0.953108,-0.331438,-0.186948,-1.157424,-0.778889,-0.382101,0.708419,-0.320303,-0.592696,-0.596970,-0.540501,0.050494,-0.474456,-0.857574,1.494613,0.625006,0.137564,0.251442,0.245937,0.473235
-1.006772,1.683009,1.206063,2.255871,-0.904505,0.053438,0.256000,1.758147,0.056398,1.103025,-1.363725,0.092061,0.747892,0.704976,0.020198,3.343621,2.143368,0.521452,4.806184,-0.645473,-0.108619,-0.810152,0.491002,-0.827453
0.454836,3.813036,1.038791,3.535553,-1.499133,1.068083,1.329629,0.186227,0.126994,1.734301,-1.610855,1.327378,1.390897,1.319227,-0.757044,1.377221,1.971184,-3.060446,6.856162,2.021252,2.074992,0.173087,0.547992,-0.341440
0.539562,2.240025,1.629757,3.859743,-1.352913,0.508133,1.341174,0.085107,0.686336,2.210519,0.454738,1.011134,0.231862,1.364866,0.687289,2.379441,0.190748,-2.119962,4.192469,1.354991,1.401844,-0.114363,0.378135,-0.071089
0.383416,6.173515,0.714144,2.624630,0.131304,0.006146,1.057868,0.119888,-1.329966,1.136799,-1.327317,0.575363,0.173185,0.383765,-1.796441,-0.516210,0.835703,-3.062677,6.396535,2.663365,1.485113,0.223058,-1.087380,0.822733
0.338823,5.311070,0.560450,0.514893,-0.120800,0.583604,0.376145,-0.499321,-0.971476,1.013894,-0.397693,0.547543,0.106509,-0.651874,-0.912752,0.560900,0.384351,-2.071485,4.935829,2.184450,0.911941,0.869091,0.400102,0.469213
-0.184252,1.028774,1.223349,3.617225,0.077232,0.256499,0.336713,0.038438,-0.291501,1.939848,-0.434773,1.151011,-0.274706,0.610120,-0.564310,0.514027,-0.448970,-1.944647,2.808790,1.994517,0.687517,0.334015,0.090017,-0.607282
-0.665692,-0.657293,0.660244,1.372959,-0.267775,-0.062387,0.695304,0.271879,-1.157181,0.311439,0.068314,0.680946,-0.458940,-0.359018,0.289606,1.020009,-0.571538,-0.148841,-0.591436,0.786986,0.159783,0.167916,0.275890,-0.513536
-0.395194,-0.082805,1.024474,2.518281,0.261722,1.163530,0.556528,0.499566,-0.583414,0.497810,0.258593,0.893788,0.202796,-0.593333,-0.983449,0.539417,-0.201341,-0.035676,1.134899,2.236635,0.356244,1.217245,0.312020,0.262022
-0.178234,-0.953872,1.128035,0.840732,0.719701,0.529777,1.006334,0.375156,-1.038867,-0.305890,0.470786,0.946677,-0.385035,-0.535985,-0.648613,0.034864,-0.460466,0.645539,0.258112,1.243389,-0.094546,0.898764,0.014932,0.082717
0.214073,-0.076991,-0.129593,0.396449,1.320922,-0.430359,-0.298606,-0.563217,-0.979773,-0.591920,0.426559,-0.200918,-0.743492,-0.762418,-1.161823,0.301310,-0.123927,0.060385,0.175676,1.008193,-0.117390,0.665618,-0.056669,0.381681
0.803966,-0.139790,-0.571813,-0.622735,0.777585,-0.845003,-0.662284,-1.129916,-1.011090,-0.485418,1.055762,-1.255233,-0.466279,-1.297700,-0.599811,-0.341705,-0.896673,-0.037030,-0.235676,-0.073718,-0.149285,0.187386,0.214171,1.022380
0.305397,-0.481407,0.855551,0.170989,1.051907,-0.015423,-0.063169,-0.255276,-0.687726,-0.751996,1.160004,0.333668,-0.590865,0.148361,-0.318151,0.505751,-0.238139,-0.378721,-0.429378,0.526681,0.134772,0.697654,0.196529,-0.264349
0.166025,-0.583861,-0.317043,-0.216700,-0.279573,0.318085,-0.636651,-0.724464,-1.109479,-0.453159,0.294157,-0.130886,-0.768564,-1.056004,-0.237500,-0.712251,-0.858638,-0.544117,-0.376511,-0.197478,-0.533617,0.567648,0.130234,-0.109591
0.114309,-0.908071,-0.258834,-0.093588,0.535183,-0.847621,-0.630609,-1.285684,-1.156285,-0.344707,0.823086,-0.836753,-0.516348,-0.494724,-0.535448,-0.558163,-1.113765,-0.059978,0.003513,-0.003884,-0.750930,0.078773,0.213860,-0.117220
0.579096,-0.588272,-1.027265,-0.679744,0.486405,-1.649369,-1.357837,-2.158529,-1.277021,0.143159,0.534487,-1.611328,-0.852296,-1.127288,-0.721059,-0.837098,-0.925698,-0.306758,-0.863995,0.075185,-0.587467,0.246203,0.229105,-0.128602
-0.261232,-0.446023,-0.986579,-1.066791,-0.075515,-0.958307,-0.691378,-1.382058,-0.976095,-0.001343,-0.061804,-0.923093,-0.697499,-1.319418,-0.854132,-1.164487,-0.401276,0.045856,-1.066490,-0.748954,-0.701608,-0.299008,0.139229,-0.424412
1.509212,0.286652,-0.575363,-0.143487,1.256931,-0.431378,-0.179533,-1.738001,-1.705035,-0.676667,1.056680,-0.844519,-0.980768,-1.120683,-0.934734,-0.404786,-0.700164,-1.241872,-0.034997,0.426548,-0.492701,0.846773,0.330411,2.244286
-0.156777,0.368569,1.625769,4.359179,-1.151385,-0.563635,1.413375,-0.615189,-0.513145,3.700387,0.003887,0.493866,0.702437,2.077875,0.672691,0.276557,-0.579394,-3.053394,3.205006,1.411382,1.437260,-1.462695,0.488167,-1.564576
-1.298951,-0.643356,1.515924,1.685862,-0.586246,-0.779876,0.704394,2.123507,0.947254,1.250067,-0.777279,-0.425030,0.530369,2.159281,3.459048,3.954306,-0.688267,-0.969171,-0.567635,-0.694669,-0.386829,-2.661215,-0.181405,-0.893031
-0.871202,-0.358282,1.435802,3.102764,-0.415432,-0.777699,0.885147,0.658213,0.479987,2.013512,-0.381864,0.157996,-0.011198,1.877783,2.215950,3.183108,-0.607843,-1.739513,0.003166,-0.162821,0.270041,-1.895009,-0.013589,-0.408078
-0.039524,-0.129506,0.127940,0.135602,1.647253,-0.373500,-0.433154,-0.854158,-0.927747,0.197047,0.697110,0.118877,-0.456506,-0.278176,0.079760,0.167020,-0.589641,-0.672442,0.209736,0.654884,0.420488,0.459119,0.226830,0.246809
-1.400025,0.057553,0.438158,0.302537,-0.654916,0.566269,-0.095976,1.948367,-0.758239,-0.247671,-0.685633,0.026125,0.351641,-0.460464,0.040766,1.290961,2.252819,4.243773,1.565551,-0.889295,-0.506017,0.389101,0.327560,-0.923855
-0.739974,0.469719,-0.310102,-0.122150,-0.750112,0.092887,-0.507426,1.814855,-0.654527,-0.164109,-1.338143,0.169550,0.884046,-0.669413,-0.477046,0.361619,4.082635,5.400314,1.725218,-0.550351,-0.473149,-0.369469,0.309182,-1.001104
-1.694689,0.322957,-0.998619,-0.588290,-0.899940,0.507263,-0.508593,2.863140,-0.984967,-1.125640,-1.395225,0.166511,1.240528,-0.671560,0.282718,0.514576,2.700517,7.223211,-0.234498,-1.392372,-0.756400,-0.262238,0.338929,-1.606066
-0.829797,-0.209081,-0.659653,-0.337472,-0.768611,-0.728350,-0.464197,1.123399,-0.357985,-0.863106,-0.169112,-0.917824,0.927397,-0.312790,-0.067612,-0.660498,2.142953,4.583805,0.365550,-0.657265,-0.317328,-0.729455,0.316816,-0.760554
-1.098298,-0.654593,-1.026756,-0.085106,-0.274663,0.035217,-2.171693,-1.385071,-0.244930,-1.220314,-1.903471,-0.955558,0.840714,-0.965909,-0.366911,-0.442958,3.337842,1.301424,1.051987,-0.405979,-0.969332,-0.660214,-0.025723,-1.677580
-0.613812,0.148213,-0.241455,0.065054,-0.030409,-0.838029,-0.526250,0.739168,-0.426228,-1.240770,-0.956660,-0.971869,1.491976,-1.257654,-0.025538,0.318652,5.600339,1.540994,1.999075,-0.749133,-0.216493,-1.687526,0.303468,-1.802359
-1.377932,0.244238,-0.413825,-0.039820,-0.530190,0.426832,-1.181530,1.937802,-0.439248,-1.034111,-1.794448,-0.625811,1.847425,-0.741949,0.048595,1.955016,4.399224,4.180063,0.659828,-2.023556,-0.615912,-0.847694,0.209269,-2.161610
-0.987955,-0.590663,-0.688923,-0.904784,0.113424,-0.640382,-0.714560,-0.253185,-1.317022,-0.903264,-0.692021,-0.883518,-0.311506,-0.966250,-0.773510,-0.689946,0.627133,6.012421,0.044346,-0.964813,-1.367587,0.292303,0.140669,-0.433936
-0.725748,1.692434,-1.183159,0.162414,0.379571,-0.686461,-0.657910,-0.138587,-1.908119,-0.760416,-1.413604,-0.525014,0.412709,-1.018348,-0.757931,-0.666205,3.953779,0.952514,2.937757,-0.453851,-0.541334,-0.035248,-0.388097,-0.794705
-0.843082,2.054358,0.814574,0.969753,-0.245752,-0.569139,0.454712,-0.151518,-1.292216,-0.436491,0.160184,-0.747508,-0.728226,-0.543344,-0.501885,0.709578,1.414815,2.767881,3.133106,-0.818172,-0.792439,0.184510,0.138213,-0.699025
0.049612,-0.560419,1.172033,1.086372,-0.339295,0.280494,1.539205,0.418299,-0.814522,-0.373147,1.720768,0.006722,-0.536010,-0.546450,-0.489635,0.476767,0.150991,4.000903,1.026794,-0.799357,-0.752823,0.650853,0.174141,-0.156755
1.828278,-0.725430,-0.310805,-0.504378,0.295897,-0.473917,-1.485902,-1.393257,-1.787536,-1.047697,-0.195850,-0.940892,-0.788798,-0.831800,-0.833277,-0.651468,-0.935938,0.766228,-0.578547,0.230244,-0.561542,1.487146,0.147202,0.344735
-0.289841,1.214609,1.681789,2.386430,-0.524358,-0.387790,1.040999,-1.387610,-1.938705,0.915271,1.285148,1.206799,-0.784128,-0.202452,-0.767423,0.229228,0.832175,-0.672414,3.189525,0.601835,0.970873,0.122859,0.574886,-0.367288
1.109302,0.766376,0.576922,1.062785,-0.320069,-0.382854,1.113075,-1.148395,-2.055874,-1.133794,1.507497,0.297599,-0.834218,-1.144922,-0.762387,-0.297066,-0.857466,0.695367,0.858004,0.519305,-0.312942,1.022682,0.477749,0.852128
-1.884513,0.941157,-0.106021,-0.658602,-0.961864,0.597360,0.497415,2.954081,-1.577954,0.272130,-1.151000,-0.202982,-0.108278,-0.194777,0.163975,1.941645,2.316436,4.656520,2.354672,-1.014019,-1.241718,0.486686,0.431236,-1.337897
-0.759110,0.165874,0.146538,-1.425320,-0.114253,-0.374939,-1.319850,1.276425,-0.812537,-1.069047,0.250043,-0.452684,-1.048002,-0.851357,-1.026293,0.125099,-0.058595,5.944303,0.271897,-1.031257,0.624481,0.224166,0.357901,-0.499412
-1.777641,0.415931,-0.168730,-0.714960,-0.438638,-0.407483,-1.655138,1.568780,-0.951668,-0.717051,-0.428746,-1.306457,-0.371326,-0.263028,-0.629437,-1.241573,0.572089,4.268716,-0.391432,-1.600143,0.115722,-0.759041,0.332203,-1.200953
-1.585156,1.046491,-0.167036,-0.983059,0.146617,-1.517858,-1.054204,1.953803,0.251211,-0.157349,-1.938328,-1.048529,1.112197,0.454286,-0.091027,5.125261,-0.580083,3.646173,-0.264508,-1.840371,-0.451879,-1.062635,0.385508,-0.477985
-1.183026,0.194538,1.383097,2.755467,-0.829035,-0.146339,0.892424,2.208649,0.997430,3.617675,-0.303639,0.650479,1.541598,2.837003,0.585066,3.830648,0.404123,-1.466341,2.498450,-0.452358,1.086292,-1.397558,0.097362,-0.587433
1.915127,-1.080697,-1.757012,-0.852579,1.390288,-0.976133,-1.937721,-1.688780,-1.409750,-0.670354,-0.987536,-1.091582,-0.563393,-0.847266,-0.596757,-0.970058,-1.834730,-0.176888,-2.256665,1.736580,0.007361,1.288231,-0.279683,0.119977
-0.024194,-0.778721,-1.062861,0.345859,1.981248,-0.575444,-1.086428,-1.644430,-1.255016,-0.191160,-0.277308,-0.559796,-0.306808,0.168728,-0.432152,-1.004202,-1.596775,-1.311433,-0.839557,3.492041,-0.212610,0.012619,-0.658782,-0.541041
0.336488,0.150725,-0.760839,0.111131,2.237764,-1.085578,-1.984713,-1.739955,-1.884712,-0.480730,-1.048340,-1.355837,-1.633211,-0.163264,-0.828794,-0.729212,-1.300772,-1.471237,-0.951345,3.526336,0.003650,-0.110219,-0.933274,-0.765505
-1.555501,1.194052,-0.003376,-0.166348,0.515476,-0.409730,-1.094804,-1.570074,0.145592,0.027668,-0.500120,-0.288287,0.035545,-0.164927,0.112473,0.503766,-0.539686,-0.488743,0.360421,-0.798916,-0.633250,-0.848666,0.262102,-1.637642
0.664896,0.441490,-1.168930,-0.677439,0.592350,-0.891743,-1.871620,-1.520476,-1.017648,-0.305718,-1.191238,-0.411706,-0.586821,-0.570225,-0.903524,-0.630733,-1.170701,-0.598712,-0.470397,0.351470,-0.087084,0.923314,0.061935,-0.559867
0.558941,5.050266,-1.594000,-0.384810,1.596396,-0.262486,-0.849820,-0.099680,-1.387826,-0.030261,-0.842892,-0.528050,-0.103741,-1.033208,-0.494251,-0.317814,0.832245,-0.678787,1.331852,0.717333,-0.269704,1.240440,0.263727,1.396127
-0.798975,3.351374,-0.365635,0.569587,-1.101379,0.121425,-1.136449,0.298127,-1.055896,-1.417981,-1.940525,-0.252095,3.133313,-0.535401,-0.661627,-0.047440,13.544190,-0.401869,3.353229,-1.848106,0.994067,-1.054852,-0.967366,-2.262572
0.220820,5.091512,-0.733957,0.562292,-0.065412,-0.818100,-1.064362,-0.206862,-1.097010,-0.822295,-1.269964,-0.212735,1.373336,-0.585228,-0.714727,-0.635688,8.968493,-1.475132,4.218287,-0.702087,0.437290,-0.561041,-0.040764,-0.633372
-0.266853,-0.123835,-0.751661,0.262302,3.615270,-0.604565,-1.217321,-1.510773,-0.918227,-0.281855,-0.400282,-1.041830,-0.699572,1.407825,-1.030744,-0.730498,-1.507779,-1.156000,-0.068676,2.128709,1.104046,-0.101328,-0.726583,-0.283705
0.913499,1.043421,-0.891077,-0.541516,1.846469,-1.469791,-2.227059,-2.411998,-0.274297,-0.744988,-1.060728,-1.419823,-0.822693,1.539044,-0.793981,-0.123512,-1.280139,-1.639763,0.950234,1.635637,1.579401,-0.511053,-0.341704,-0.536529
-0.425593,7.091144,-1.148666,0.346211,0.884039,-1.107436,-1.728626,-1.247769,-0.732883,-0.346423,-1.413465,-0.889558,0.079635,-1.060551,-1.136212,-0.238996,5.357965,-1.535870,2.625936,-0.716685,0.823817,-0.903393,0.332963,-0.170093
0.783321,7.459016,-0.472698,0.709891,0.322348,-0.407168,-0.228154,-0.249404,-1.073292,-0.952040,-1.157956,-0.852946,1.984384,-0.674573,-0.249574,-0.441674,8.135575,-1.583560,4.654297,-0.518732,0.709922,-0.421446,-0.461932,0.354049
0.372994,8.102100,-0.640705,-0.008284,1.706557,-0.945576,-0.578824,-1.301828,-1.248068,-0.952420,-1.016196,-0.994583,-0.222405,-0.823229,-0.672291,-0.088099,3.082509,-1.437937,3.753120,0.320546,0.657910,-0.248913,0.270439,0.410581
0.737064,1.098455,-0.799564,-0.541638,1.495097,-0.691972,-0.926615,-1.538063,-1.260500,0.495749,-1.153661,-1.209035,-0.190685,-0.742753,-0.680000,-0.467316,-0.877801,-0.537620,0.189939,0.105324,-0.388511,0.127662,0.179097,0.693380
0.202893,3.286548,-0.810424,0.107500,2.738622,-0.886343,-1.350709,-0.955803,-0.972622,0.216113,-0.323950,-0.703513,-0.465872,-1.015703,-0.763130,-0.420129,1.048453,-0.771042,0.245987,0.375867,0.384507,0.247076,0.222700,1.058794
-0.371888,2.686848,-0.156398,0.045849,0.670274,-0.876313,-0.691874,-1.238533,-0.461732,-0.035502,-0.269052,-0.139907,-0.536027,-0.396633,-0.394395,-0.148398,0.683477,-1.741496,2.245110,0.875305,0.499468,-0.546170,0.164370,-0.215515
0.015558,0.802850,-0.314906,0.146947,1.159317,-0.549659,-0.842613,-0.774180,-0.231281,-0.138387,-0.222115,-0.281401,-0.195942,-0.580063,-0.049307,-0.075908,-0.119682,-0.178988,0.465829,0.321535,0.283004,-0.529784,0.141726,0.066188
0.481742,1.347185,-1.058816,-0.466186,0.493528,-0.448395,-1.832089,-1.540490,-0.925659,-0.541407,-1.465648,-0.741010,-0.415731,-0.422549,-0.699865,-0.397548,-0.654619,-0.637958,0.820999,0.440291,0.932239,0.186585,0.188920,-0.953185
0.742287,0.741115,-0.692090,-0.242544,0.105191,-0.477130,-0.970465,-0.954423,0.273386,0.250071,-0.782422,-0.253537,-0.383836,-0.493241,-0.374368,0.290097,-0.681775,-1.224810,1.574215,0.195029,0.519675,0.244331,0.226077,-0.660009
1.162511,3.487185,-0.169526,0.661972,-0.258837,-0.166713,-0.677266,-0.598408,1.672654,0.154262,-0.553786,0.161747,0.755777,0.828105,0.327834,2.484087,0.800982,-0.446557,2.293593,0.059503,0.918550,-0.013395,0.311268,0.187808
1.089142,0.916352,0.310495,1.089771,-0.173089,-1.359096,-0.808041,-1.326658,2.401036,0.727654,-1.645426,0.143020,0.912710,2.526835,0.065521,2.568573,-1.407100,-1.699723,3.526881,0.284651,2.282017,-1.363696,0.367743,-0.667195
1.200903,7.764472,-0.547746,0.645062,-0.819380,-0.308527,-1.154453,-0.577658,0.936974,-0.714616,-1.448185,-0.216049,1.213664,0.016998,0.023635,0.673437,5.815910,-1.284874,3.894490,0.023555,1.139310,-0.751949,0.314362,0.202212
1.303137,2.100169,-0.102528,-0.291436,1.171805,-0.841885,-1.301540,-0.813290,1.918130,0.080371,-0.310801,-0.555970,0.250108,0.720468,0.831014,2.922998,0.063990,0.085934,1.573319,0.479469,0.311836,-0.242153,0.339788,1.598152
0.888920,0.842395,-0.826823,-0.493320,1.315691,-1.262863,-0.920961,-1.399003,1.287734,-0.145975,-0.617821,-0.703162,-0.249612,1.440323,0.880790,0.802640,-0.914879,-1.357321,0.590484,0.399218,0.694672,-0.638216,0.300407,0.754276
-0.266080,0.022077,0.094415,0.528598,0.154934,-0.677847,-0.907508,-0.630502,0.398684,-0.066159,-1.055048,-0.241591,0.619458,1.854414,1.407677,0.559208,-1.137862,-0.711818,-0.020586,-0.071505,-0.745957,-1.280143,-0.549352,-1.323728
0.338255,0.372572,-0.309417,0.380185,1.135197,-1.064363,-1.412174,-1.464355,0.576425,0.030765,-1.058710,-0.291815,-0.696084,1.209805,1.150993,0.649910,-0.933326,-1.712372,-0.842720,-0.153828,0.458203,-1.393630,0.243333,-0.753196
-1.369025,0.719585,1.331949,3.890726,0.122328,-0.430957,0.885920,0.048874,-0.351723,2.602845,-1.242142,0.621333,-0.070968,1.328208,-0.597756,1.828824,-0.222733,-1.948723,2.258479,0.675197,0.070591,-1.134114,0.500038,-0.570993
-0.763905,1.415052,0.856581,2.312969,0.860131,-0.789057,-0.098378,-1.168247,-0.052223,2.946511,-0.745526,0.177073,-0.254867,1.137873,-0.163795,1.383957,-1.296877,-2.626051,2.226722,1.945492,0.620577,-1.284686,0.414369,-1.275986
0.395015,0.109512,0.691823,1.619454,0.333278,-0.390814,-0.602350,-0.758831,1.636255,0.643949,-0.409116,0.362665,0.131141,3.070759,1.258604,1.422176,-1.586886,-2.002913,-0.492388,1.004788,1.014857,-1.321290,0.377416,-0.921163
-0.871473,0.167295,0.198295,-1.436005,-0.460989,-0.160352,-1.606649,1.171785,-0.455152,-0.476778,-2.027030,-1.161418,0.610542,-0.625554,-0.342910,1.527496,0.827577,6.164180,-0.243222,-1.674237,-1.513521,-0.670133,0.310278,-1.259289
-0.365263,0.844065,0.214826,-0.281181,0.755551,-0.738010,-0.265875,-0.001152,-0.313875,-0.221985,-0.751699,-0.826662,0.215478,0.542600,-0.000680,2.461586,0.581614,1.473611,0.348902,-1.219481,-0.261475,-0.927697,0.302857,-0.297066
-0.682915,0.675912,0.792222,0.877216,1.097622,-0.453406,-0.290305,-0.223775,-0.783726,0.335764,-0.424684,0.081494,-0.245021,-0.117054,-0.448633,1.151889,0.202098,-1.053730,0.687012,1.091430,0.092157,-0.463826,0.297882,0.192248
-0.183248,1.969585,-0.167203,0.595638,3.071715,-1.109728,-0.830955,-1.268937,-0.622515,0.414434,-0.487040,-0.319403,-0.344318,-0.249852,0.290339,0.413810,-0.272996,-1.601783,1.431087,1.482650,0.977494,-0.393443,0.363911,1.454345
-0.239910,1.204320,0.317727,0.418101,2.100352,-1.015913,-0.648414,-0.762511,-0.471766,0.157404,-0.330965,-0.291019,-0.527357,0.142868,-0.345584,0.074464,-0.402442,-1.071136,0.842395,0.528552,0.396454,-0.912983,0.267626,0.104503
-0.101749,-0.552536,-0.318575,-0.423749,-0.675136,0.265481,-0.319297,0.111987,1.651962,1.125765,0.285567,0.304556,0.430351,1.165694,1.018039,1.511661,-0.996597,-0.400124,0.130077,-0.261215,-0.384373,0.107306,0.193528,-0.889310
-0.193083,0.222309,0.248083,0.332327,1.091315,-1.278165,-1.312873,-1.814389,0.587543,-0.413816,-0.959554,-1.142807,-0.964861,1.232159,0.306230,0.100152,-0.678619,-0.790617,0.099802,-0.001937,0.762985,-1.646411,-1.086218,-1.384331
0.958725,-0.337375,0.002265,0.090629,-0.235873,-1.795175,-0.712969,-1.561865,1.963143,-0.802750,-0.680244,-0.435755,0.599820,1.526296,-1.076540,0.451701,-1.362289,-1.916557,0.816331,-0.474880,1.661535,-1.448284,0.265865,-0.947909
0.554124,0.997002,-1.144335,0.351599,3.605934,-1.940800,-1.822434,-2.207805,-1.112462,0.247322,-1.406594,-1.556195,-1.317255,1.640979,-1.329460,-0.103257,-1.328931,-1.814498,-0.000664,3.919221,0.944209,-1.069426,-0.030263,-0.762439
1.567917,-0.758408,-0.963795,-1.300115,-0.255502,-1.195141,-1.315592,-0.513970,6.333243,0.135852,-2.761896,-0.531271,1.394613,2.480175,3.281709,4.097109,-1.382181,-0.929447,-1.240725,-0.949917,1.395171,-1.663031,0.398808,-1.124958
-0.031587,0.041990,-0.551625,-1.157460,-0.578015,-1.417913,-1.758445,-0.185617,6.665795,-0.711740,-2.359842,-0.168439,0.989916,2.565007,2.993677,5.180487,-1.150830,0.177111,-0.435227,-1.153712,1.271983,-1.552945,0.437237,-0.594610
1.296785,0.860543,1.112519,0.982613,-0.144905,-0.620188,-0.310587,-1.271726,2.523919,0.997032,-0.088551,0.161860,1.120895,1.631885,0.759575,1.147482,-1.168538,-1.885201,0.702561,0.530499,1.932540,-1.648841,0.325856,-0.813786
1.087473,-0.217726,-0.714313,-0.629057,0.331122,-1.157566,-1.677479,-1.260449,2.450330,0.429913,-0.921780,-0.672001,0.326530,2.021507,1.899901,1.932117,-1.592037,-0.915545,-0.724245,-0.329874,1.162895,-0.619907,0.309098,-0.496136
1.030622,-0.081115,-0.255293,0.730189,0.092816,-1.597667,-1.480372,-2.494447,2.013546,-0.814794,-0.511991,0.059447,-1.045738,1.618293,1.119077,0.192238,-1.390494,-1.807172,0.665421,0.169915,1.658278,-1.242952,-0.058831,-0.937880
0.322119,1.405994,-0.490726,0.480692,3.422367,-1.002307,-0.183967,-1.662601,-0.336270,-0.583482,-0.599886,-0.875540,-0.310113,0.102758,-0.108779,0.062431,-0.287131,-1.632494,0.594026,1.506974,0.082160,-1.082402,0.000312,1.461627
-0.391424,0.761161,-0.101583,0.523334,2.750137,-0.401098,0.034203,-1.418158,-1.183371,-0.757624,0.348551,0.066106,-1.433170,-0.537227,0.109371,-1.156132,-0.674212,0.688007,-0.280017,0.689311,-0.650577,-0.232469,0.288403,-0.241100
2.020389,0.792649,-0.310381,-0.124106,0.849013,-1.269762,-2.031945,-1.919073,1.217131,-0.655573,-1.906724,-0.900799,0.009217,2.180730,-0.710046,0.568463,-1.424091,-2.039333,1.911189,0.992960,2.913675,-0.907417,-0.074286,-1.465215
0.245772,-1.074591,-1.183485,-1.431522,0.843110,-0.518466,-0.352649,-1.848127,-1.500161,0.071103,2.033957,-0.897553,-0.571711,-1.591882,-1.013478,-1.080522,-1.676272,0.800849,-1.002176,-0.117447,-1.994254,1.036394,0.283587,0.622157
0.441851,-1.535725,-0.942915,-1.294923,0.656785,-0.128097,-0.846195,-1.478283,-0.606624,-0.408394,1.219619,0.081717,-1.346774,-2.005593,-0.936380,-0.119859,-1.665437,1.129828,-1.083363,-1.089419,-1.285816,0.976647,0.304632,1.208504
0.250008,-0.701924,-0.588152,-0.701107,0.543835,-0.476805,-0.340438,-1.444499,-1.401683,-0.903057,1.829361,-0.583402,-0.402983,-1.385483,-1.142386,-0.982031,-1.090159,-0.307914,-1.233734,-0.044313,-0.863700,1.122777,-0.428852,-0.099568
-1.341891,-0.564552,-1.072545,-0.362574,-0.347583,-0.982044,-1.629626,-1.303296,-0.785458,-1.403917,-0.965565,-1.223770,-0.041186,-1.369348,-1.106153,-0.703453,1.342353,4.136284,0.103752,-1.276218,-1.079593,-0.503014,0.232781,-0.905497
-1.110961,-0.860063,-1.185968,-0.370370,-1.201701,-1.018050,-0.332202,0.679834,-0.539512,-0.871078,0.038555,-1.306182,0.094367,-0.564126,0.443080,-0.498373,1.059906,4.955609,-0.057895,0.042105,-0.720702,-1.131568,0.336472,-0.424785
0.123384,1.556390,0.498672,1.533388,-1.036683,0.637732,1.089398,-0.717380,-1.407201,0.798177,0.886507,0.767041,0.150857,-0.223644,-0.778951,-0.339943,1.756395,0.640766,4.215869,0.598078,0.750699,1.103487,0.471008,-0.312782
-0.137396,-0.831825,-0.130569,0.296253,-0.021488,0.198051,0.000947,-0.282383,-0.883868,-0.286987,-0.068022,0.615938,-0.868612,-0.530631,-0.993991,-0.663085,-0.350296,-0.436345,0.153349,0.275118,0.790321,0.654154,0.203105,-0.324069
-0.410967,1.814580,0.162427,1.462062,0.130549,0.826692,-0.096699,-0.372468,-0.705317,0.564658,0.098425,0.942155,-0.425450,-0.810051,-1.094620,0.076290,0.152561,-1.264466,2.865804,0.877857,-0.046701,1.230181,0.357206,0.019729
0.138510,0.279381,-0.551211,-0.381520,0.862931,-0.965414,-0.862380,-0.829927,-0.938194,0.140145,-0.794771,-0.245836,0.044889,-0.657173,-0.645100,-0.994120,-0.709572,-0.100358,0.300612,-0.320895,0.394804,0.090123,0.123434,0.472205
-1.651626,0.985574,-1.195156,0.791971,-0.030750,-0.729031,-1.520852,-0.573867,-0.432558,-1.212911,-2.165640,-0.530238,1.166148,-1.070665,-1.029580,-0.536045,8.720730,1.203218,1.276481,-1.373218,0.209547,-0.792054,-0.748154,-1.806935
-1.318560,1.809214,-0.667513,-0.031234,-0.966006,-0.205737,-0.662098,0.039572,-1.263804,-1.341086,-1.672179,-0.339162,2.994501,-1.004200,-0.602113,-0.219220,14.147543,-0.203795,2.649778,-1.301550,0.895697,-0.979549,-0.595226,-1.922919
-0.251933,2.510951,-0.221818,0.002117,-0.418662,-0.772885,-0.708161,-0.360338,-0.620001,-0.543393,-1.565661,-0.460227,1.623317,-0.509944,-0.043709,-0.278357,8.797876,-0.656878,2.870820,-1.320235,0.354977,-1.120405,0.137435,-1.166695
0.166875,5.779377,-0.985243,0.243257,2.057519,-0.759901,-1.512059,-1.471718,-1.150698,-0.941387,-1.092861,-1.192411,-0.717950,-1.086713,-1.121186,-0.415278,2.360187,-1.847533,1.801193,0.147973,-0.232183,-0.136302,0.333903,1.431406
0.143944,1.561421,-0.728523,0.075017,1.306360,-0.913909,-1.286096,-1.633514,-0.734201,-0.042095,-0.653538,-0.732986,-0.461576,-0.613451,0.207273,-0.953013,0.508655,-0.960711,0.603196,0.082677,0.525538,-0.765769,0.195661,0.065227
-0.635908,1.975605,-0.560616,0.607613,0.278175,-0.522870,-0.908874,-1.376820,-1.601022,-0.921839,-0.945501,-0.172979,-0.434491,-0.923557,-1.532039,-0.565578,1.579500,1.190797,1.272440,-0.202017,-0.273051,0.192084,-0.058718,-0.293843
0.077369,-0.696185,0.542100,0.730189,0.729946,-0.166363,1.634395,-0.772019,-1.575772,-0.276830,1.058630,-0.080178,-1.282932,-0.811215,-1.136712,-0.461144,-0.811174,0.970099,0.823970,0.920780,-0.254936,0.624121,0.425660,0.643812
1.085579,-1.263425,-0.050119,-0.319055,2.033025,-0.225417,1.142445,-1.279396,-2.376672,-0.887390,1.854683,-0.489544,-0.930072,-1.545993,-0.663371,-0.736236,-1.375448,1.192292,-0.702294,0.104514,-0.870482,1.447047,0.374009,1.163541
0.355293,0.223732,0.436230,0.464275,0.056508,0.214904,-0.370514,-0.272768,0.832145,-0.448565,-0.118140,0.347355,0.960863,1.175563,0.815501,0.528039,-0.200604,-1.177292,0.960398,0.138061,0.589320,-0.247642,-0.440318,-0.453204
0.861316,-0.867342,-0.308434,-1.086510,0.448815,-1.436459,-1.641480,-0.878118,8.702435,-0.434590,-1.913808,0.320197,0.416444,2.552541,3.714277,4.738204,-1.188353,-1.133380,-1.232915,-1.414477,0.865406,-1.349909,0.411991,-0.613596
-0.801899,0.229735,-0.123933,-0.467631,-0.227615,-1.575288,-0.036330,-1.146938,0.974810,-0.558572,-0.836234,-0.316509,0.335761,0.628724,2.013231,0.654778,-0.931903,-0.098444,-1.311483,-0.630015,-0.045615,-1.613338,-0.352948,-0.812613
0.534708,-0.080552,0.513440,0.011549,0.337688,-0.428477,-0.430413,-0.743755,0.471585,-0.065119,-0.005120,-0.018992,0.469126,0.991376,0.686422,0.794018,-0.476813,-0.863176,0.394202,0.114317,0.127942,-0.678145,0.025583,-0.396553
0.957095,0.029153,0.201379,-0.154043,0.090228,-0.328014,-0.438371,-0.786025,0.724417,0.171510,-0.407127,0.095208,0.306353,0.901898,0.475752,1.221247,-0.628033,-1.065250,0.623446,-0.193605,0.281169,-0.681632,0.001422,-0.280949
2.157655,0.101867,0.342905,-0.083708,-0.005558,-0.166618,-0.292861,-0.597198,1.726064,0.334551,-0.332532,0.512311,0.120728,1.559381,0.059268,0.614092,-1.180002,-1.284288,0.851248,0.213142,1.444001,-0.660952,0.101822,-0.780476
2.431524,-1.473795,-0.017959,0.111341,-0.458027,0.078129,-0.141474,-0.649025,2.640846,-0.006844,-0.927008,0.022425,-0.091786,1.599182,-0.646122,-0.052617,-0.390818,-1.401009,0.541288,-0.415531,1.447863,-1.303178,-0.079347,-1.519270
-1.228929,-0.271148,-0.193293,-0.772920,-0.283117,-0.531269,-0.342146,2.449594,-0.497854,-0.320803,-0.885199,-0.959286,-0.201264,-0.201353,0.794286,0.946906,0.743533,1.033930,-0.013995,-0.971548,-0.681477,-0.993739,0.259724,-0.985189
-0.900462,-0.376351,-0.262019,-0.989696,-0.085657,-0.529175,-0.150140,2.285241,-0.466848,-0.207415,-0.856621,-0.827956,0.117827,-0.405311,0.477326,0.493914,0.740546,1.916840,0.059867,-0.919581,-0.692411,-1.017336,0.046059,-0.870146
-1.011638,-1.038495,0.267466,-0.190733,-0.780091,-0.459620,-0.652107,0.592966,-0.325155,0.044026,-0.936013,-0.403028,0.081189,0.317025,3.763151,3.061994,0.707284,0.369911,-0.416018,-2.138765,-0.571866,-2.201661,0.321419,-1.737299
-0.417811,0.213477,1.088532,1.556362,-1.181327,-0.524097,0.482513,0.724519,0.137143,0.525676,-1.518130,-0.511764,0.856722,-0.949228,2.595345,2.206271,1.070565,-0.094966,0.378258,-0.062537,0.062870,-1.350850,0.437372,-1.009823
-0.331311,0.362992,0.273882,0.476609,-0.559777,-0.686377,-0.267460,0.511860,-0.478225,-0.149524,-1.422078,-0.668473,0.682927,-0.564520,2.023874,1.468548,3.179912,-0.072318,0.967361,-1.986825,-0.397060,-1.812835,0.195495,-1.360500
-0.130105,-0.090047,0.069353,-0.010770,-0.541101,-0.267033,-0.699388,-0.715003,0.950211,-0.316334,-0.452184,-0.010150,0.556549,0.387242,0.937645,1.051014,-0.532917,-0.347174,-0.008010,-0.537045,-0.083164,-1.119878,0.200746,-0.283743
-0.228877,-0.026500,0.096999,0.447036,2.178695,0.118070,0.100331,-1.268548,-0.986721,-0.457640,0.406140,-0.289088,-1.093222,-0.219407,-0.749984,-0.436731,-0.347080,0.070981,-0.868398,1.244374,0.085635,-0.220935,-0.296923,-0.350703
-0.120462,0.187007,0.622801,0.770690,1.122491,0.039388,0.434689,-0.999267,-0.705401,-0.321610,-0.761881,0.094172,0.432554,0.598252,-0.283980,0.630200,-0.630195,-0.804169,0.285069,0.818784,0.361662,-0.285620,0.307092,-0.244211
0.116765,-0.450203,0.439439,1.096113,-0.491585,-0.460425,-0.141302,-0.434495,2.616944,0.355303,-0.213026,0.584061,0.999343,2.571290,1.651979,1.948290,-0.954261,-0.559827,0.344894,-0.010052,0.661741,-1.352540,-0.118092,-0.915903
0.033048,-0.291822,1.030943,1.631841,-0.383897,-0.436101,0.873368,-0.539858,1.964799,2.096577,-0.201851,0.925293,0.551353,2.776655,1.503102,1.338175,-1.593899,-1.621948,-0.470424,0.580008,0.695001,-1.479888,0.183042,-0.877727
7.079535,-0.804127,-0.855909,-0.272770,-0.092792,-0.898850,-1.850596,-1.743752,2.742606,-0.161952,-1.617820,-0.410245,0.037045,2.142891,-0.166179,0.942398,-0.714323,-2.017820,0.511874,0.741889,3.464985,-0.522962,-0.215417,-0.807032
0.667573,-0.281848,0.275995,0.690235,-0.531019,-0.180357,0.171047,-0.146458,1.418038,-0.109445,-0.293478,0.329968,0.972890,2.691914,2.064541,1.388923,-1.170135,-2.612024,0.092520,1.206724,0.564788,-1.966191,-1.394065,-0.203204
0.028924,0.215594,0.227495,-0.790782,0.804419,-1.072284,-1.755073,-1.648195,3.225835,-0.147806,-1.156385,-0.554602,0.128951,1.489238,1.503093,1.428995,-0.517811,-0.566048,-0.403705,-0.495581,0.953258,-1.179801,0.307282,-1.420773
3.249407,0.102025,-1.143717,-1.911828,0.689415,-1.393250,-1.695123,-1.661002,2.929472,0.692486,-2.591232,-0.434035,-0.566441,1.528369,0.947620,0.782968,-2.495987,-1.029157,-0.643997,-0.169453,2.603734,-1.145105,0.358567,-1.344489
4.873244,-0.050503,-0.469638,-0.689824,0.516041,-1.515618,-0.736915,-1.600112,2.602523,0.164115,-1.587798,-0.571438,0.555798,2.129937,0.604025,0.003820,-1.314347,-1.192935,0.824427,0.488493,3.788659,-1.803161,-0.912495,-1.217691
1.827367,-0.128183,-0.914799,-1.174308,0.387042,-1.231693,-1.814679,-0.847446,5.060017,-0.655026,-1.664827,0.077822,0.339365,2.386242,2.296445,4.658490,-1.662056,-1.202857,-1.799726,-0.542932,0.845145,-0.605431,0.342351,0.570626
-1.317134,1.437038,-1.539499,-0.749341,-1.183563,-0.565404,-1.567564,0.072824,-0.023729,-1.276222,-1.172945,-0.475264,2.426806,-1.069157,-0.621851,-0.282585,8.984175,3.072083,0.763311,-0.724998,0.462303,-1.028974,-0.180239,-1.512978
-0.192301,-0.343993,1.295967,-0.556651,0.112747,0.062952,0.119293,1.071997,0.177638,-0.305695,-0.787467,-0.144995,0.120686,-0.329048,0.742138,2.516732,1.545796,1.757435,-0.450139,-0.632793,-0.111406,-0.742447,0.275170,-0.338969
0.427590,0.220593,0.625544,-0.128566,0.635887,-0.795272,0.630171,0.624476,-1.059918,-0.572071,0.121901,-0.555392,-0.308472,-0.564314,0.185094,1.261406,0.145245,1.050819,-0.090015,0.186879,-1.085663,-0.300705,-0.225673,0.796081
-0.929433,0.110037,0.075582,0.040729,0.538119,-0.862038,-0.542761,-1.127206,-0.373176,0.174879,-0.793242,0.355448,0.184373,0.543056,0.690667,0.393176,-0.172225,0.056136,-0.500553,-0.215403,-1.100648,-0.972880,0.295580,1.021359
0.708327,0.054240,1.561017,-0.221553,0.397269,-0.442185,0.559132,-0.304015,0.728642,-0.221574,-1.306851,0.279571,0.300620,0.162762,1.599246,2.317305,1.252458,-0.153647,0.040115,-1.291512,-0.284967,-0.664461,0.335638,0.973985
-0.488358,-0.343719,1.451704,2.004794,-0.005813,-0.011000,1.807983,-0.688338,0.213049,1.101066,0.281862,0.466894,0.015361,2.681941,0.573808,1.208994,-0.528122,-1.027119,-0.148393,1.049760,-0.089849,-0.544616,0.339588,0.065063
0.864339,0.069644,-0.700023,0.221546,2.223861,0.306539,-0.855334,-0.989462,-0.772953,-0.650099,-0.646401,-0.089280,-1.113961,-0.467649,-0.751600,-0.712625,-0.810550,-1.194587,-0.258795,1.285693,0.441565,0.674807,0.353078,2.247457
0.330567,0.263282,-0.686775,0.890329,3.255442,-1.178394,-0.402890,-1.421401,-0.517202,-1.102110,-0.538414,-0.750730,-0.408255,1.468656,-0.850348,-0.196488,-1.382673,-1.201953,0.249868,1.158586,0.572551,-1.065559,0.311882,0.353039
-0.664991,-0.408983,0.628607,-0.322956,1.312800,-0.255672,0.169012,-0.414356,-1.285356,-0.688408,0.637687,-0.093099,-1.172777,-1.321873,-0.066721,-0.334478,-1.153486,0.895608,-1.261911,0.879554,-0.379748,0.015163,0.331736,-0.296799
1.051683,-0.269163,-0.697741,0.994054,2.270451,-0.676521,0.152987,-0.419565,-0.962629,-0.472811,-0.067806,0.147897,-0.834009,-0.446474,-0.912820,-1.845563,-1.214351,-1.493621,0.065401,2.152133,0.561937,-0.598602,0.371858,0.918391
0.066830,-0.095500,-0.256575,0.442088,1.830499,-0.858785,-0.590059,-1.813416,-1.305641,-0.377111,-0.645630,-1.622909,-1.770721,-0.676292,-0.569701,-0.204042,-0.895510,-1.089254,-0.953217,0.726671,-0.382244,-0.565269,-0.754983,0.670315
0.599128,-0.117268,-0.265100,0.778291,2.490198,-0.407301,-0.712455,-1.283483,-0.356430,0.112161,-0.399092,-0.379313,-0.903427,-0.440040,-0.033885,0.165988,-0.135454,-0.908460,-0.587581,0.114600,0.585507,-0.249285,-1.344112,0.350609
-0.949068,-0.737204,-0.686404,-0.136712,-0.244260,0.173396,-0.289053,0.580575,-0.200372,-0.825900,-0.355048,-0.170312,-0.567931,-0.167202,-0.524500,0.208203,-0.215477,3.177107,-0.911731,-0.785695,-0.821943,-0.052723,0.207152,-0.502953
-1.222364,-0.886632,-0.255594,0.019642,-0.143191,-0.424152,-0.421199,-0.267425,-0.011203,-0.224860,-0.137955,-0.380615,-0.147958,0.485233,0.168357,0.060402,-0.602563,1.263187,-0.989276,-0.562543,0.058385,-0.721653,0.243087,-0.383824
-1.084712,0.125112,-0.443641,-0.332059,-0.090026,-0.512277,-0.703912,-0.941383,-0.177351,-0.361604,-0.879113,-0.870504,-0.759543,-0.743826,0.211852,-0.266963,-0.479798,0.815110,-0.383975,-0.811356,0.072167,-0.309514,0.263432,-0.263186
-1.216894,-0.505536,-0.944813,-0.339355,0.005842,-0.345697,-0.861806,0.001111,0.075815,-0.364813,-0.944802,-0.221487,-0.304608,-0.210950,0.331585,0.201682,-0.076647,2.044792,-0.527728,-0.944415,-0.446768,-0.272090,0.148904,-0.768645
-1.286068,-1.477513,0.484588,-0.790307,-0.265610,-0.185973,-0.062344,2.504278,-0.886836,-0.775730,0.338351,-0.356022,-0.402290,-0.814074,1.016701,0.933147,-0.487547,1.461778,-0.912801,-0.812174,-0.991036,-0.362444,0.308241,-1.007490
-1.566460,-1.396650,0.441346,-0.105844,-0.071204,0.158637,0.137421,2.244134,-0.823221,-0.467484,-0.534639,-0.762382,-0.157072,-0.678024,0.976950,1.427970,-0.294189,2.612451,-0.361576,-1.402787,-0.277253,-0.458086,0.369204,-1.582082
-1.360657,-1.175173,0.476744,-0.177807,-0.128399,-0.807204,-0.329652,1.150596,2.113551,-0.310623,-1.093364,0.494314,0.533692,1.135230,2.401144,2.665821,-1.320659,-0.209688,-1.005088,-0.366714,-0.191876,-1.317994,0.240803,-1.045847
-0.657954,-0.422105,0.881982,0.910652,0.189504,0.033412,1.278583,2.761624,-0.756742,0.892040,-0.449584,-0.215851,-0.121825,0.062653,2.360808,1.577169,0.473159,1.783011,0.281260,-0.406496,-1.265136,-1.336212,0.237987,-1.448805
-0.477333,-1.005841,0.863681,0.723640,0.027481,-0.529145,0.063917,0.212204,-0.430000,0.382729,-0.423816,0.277659,-0.885996,0.484489,1.372551,0.867226,-0.969281,0.307304,-0.753378,-0.819339,-0.849938,-0.190058,0.244107,-0.530692
-1.146714,-0.790754,0.709497,1.029755,0.233143,-0.439648,0.204030,0.582832,0.909916,0.924578,-0.324340,0.806502,0.299347,3.320431,1.310439,1.567981,-0.639115,-0.712793,-1.085143,0.066680,-0.829281,-1.380513,0.288841,-0.558571
-1.221591,-0.809976,0.582580,1.850591,0.120888,-0.570379,0.226278,-0.174027,0.616211,2.381957,0.861832,-0.129755,-0.471108,2.526420,1.443852,1.390251,-1.306537,-1.099320,-0.412412,0.249506,-0.600064,-1.520446,0.250918,-1.738090
-1.179277,-0.940347,0.427330,0.464965,-0.658811,-1.149256,0.110510,1.343454,2.039945,1.554300,-0.992610,0.055687,0.607033,1.540876,2.681618,2.958597,-0.779926,0.503929,-0.891808,-0.831354,-0.474855,-1.931711,0.303290,-0.525512
-0.694814,-1.227988,1.268016,1.511896,-1.349915,-0.501939,0.375353,0.268906,2.566294,3.995612,-1.004549,1.090676,0.906653,2.975574,4.136925,2.136660,-1.705330,-1.805301,-1.270679,-0.363047,0.291998,-2.544780,0.487785,-1.778015
-1.567128,-0.582587,1.140365,0.589652,-0.305049,-0.684428,-0.430486,1.088654,3.137204,1.596889,-1.618850,1.534219,0.471186,2.889502,3.834347,2.826199,-2.159199,-1.490178,-1.495280,-0.673691,-0.849592,-1.871087,0.328245,-1.055389
-0.212828,-0.728478,1.514018,2.090232,-0.567350,-0.562358,0.598873,-0.282082,0.781548,3.861284,-0.436201,0.683734,0.292775,2.975729,1.874385,1.102159,-1.683157,-2.118178,0.458158,0.555485,0.380544,-1.663247,0.381350,-1.084454
-0.343269,-0.843120,-0.000333,-0.192183,-0.509297,0.248796,-0.263589,1.582206,-0.405800,0.232049,-0.791650,-0.166316,0.704357,-0.272846,0.255058,0.971750,-0.086559,1.699196,-0.049869,-0.542907,-0.341307,-0.445617,-0.022864,-0.440316
-1.155337,-1.117069,-0.512335,-0.104544,-0.752050,-0.840746,-0.385047,1.706747,0.398324,0.210184,-1.459112,-0.303346,0.959649,0.411701,0.595462,1.871875,-0.728056,2.295595,-1.063533,-1.140175,-0.803751,-1.205474,0.301811,-0.587972
-0.983607,0.123691,-0.144971,-0.233407,-0.585097,-0.460120,-0.108169,2.078049,-0.227350,-0.201189,-0.900977,-0.687859,-0.584486,-0.401674,-0.190768,0.315746,0.805112,1.600057,0.227378,-0.834977,-0.751775,-0.971051,0.260009,-1.240373
-1.124864,-0.245879,-0.163984,-0.402594,-0.697070,0.101735,-0.041936,3.048732,-0.157457,-0.211280,-0.489130,-0.345214,0.302161,0.108568,1.491344,1.708389,-0.559099,0.353696,-0.186017,-0.501572,-0.398283,-0.628104,0.243069,-0.990116
-1.195787,-0.784071,-0.079814,-0.533350,0.313624,-1.082765,-0.596038,1.849993,-0.827988,-0.576924,-0.711230,-1.077194,-0.783165,-0.570663,0.781077,1.431679,-0.188998,0.726104,-1.291601,-1.099128,-0.817792,-1.289044,0.228321,-0.881575
0.413069,-0.103003,1.013202,0.336140,-0.331327,0.330606,0.201933,2.039815,0.497597,1.059396,-0.570944,-0.860463,0.858757,0.521384,1.768847,3.189231,0.977839,0.428008,1.551388,-0.484332,-0.517405,-0.472543,0.367769,-0.495447
-0.803490,-1.419290,0.600902,0.267743,0.457009,-0.121025,-0.113636,1.240267,-1.594443,-0.755199,-0.696369,-1.242138,-0.986402,-1.668042,-0.228313,0.267809,-0.917566,4.146730,-0.829346,-1.025594,-0.805165,-0.342323,0.368510,-1.329766
-0.887653,-1.383960,0.401302,-1.024450,0.774745,0.366801,-0.144788,-0.953617,-2.190340,-1.224769,-0.027048,-0.240751,-1.950604,-1.578064,0.498385,-0.481065,-0.649408,4.097543,-1.424692,-1.176371,-1.256153,0.218056,-0.160856,-1.054999
0.189873,-1.620439,1.905092,0.970415,-0.479217,0.856837,3.207139,0.670791,-1.936637,-0.870653,0.842385,0.890224,-0.301863,-0.539882,0.608486,-0.217426,-0.098780,4.619215,0.721162,-0.081817,-0.483025,1.393736,0.469952,-0.434177
-0.307251,-0.991403,1.753402,3.038442,-0.833087,0.538730,3.219721,0.426947,-1.123766,0.630833,0.226625,0.879531,0.042107,-0.080212,1.430838,0.012204,0.011688,0.647506,1.393160,-0.380633,0.326645,-0.323362,0.540378,-1.279859
0.191852,-1.842543,-0.256675,-0.506350,1.070088,-0.810944,-0.178108,-1.489488,-1.238787,-0.299232,1.531227,-0.976336,-1.143263,-1.327086,-1.077643,-1.109896,-1.400253,1.369458,-1.407730,0.129378,-0.631508,0.611440,0.292032,0.732208
-0.697530,-0.974421,0.330913,0.389254,0.514578,-0.355286,0.955653,-1.491492,-1.756145,-0.563880,1.008381,0.031871,-1.642379,-0.709717,-0.742360,-0.300024,-0.690899,-0.213499,-0.273798,-0.199363,-0.550679,0.334430,0.363819,0.497062
0.064766,-0.386145,1.079047,0.923520,-0.246356,-0.000990,1.646276,-0.824104,-1.235963,0.354131,1.122835,0.050979,-0.296265,0.279143,-0.099731,-0.049669,-0.184171,0.128609,0.642937,-0.238561,-0.288299,-0.156603,0.097132,0.712880
0.123523,-1.200920,-0.226335,-0.896134,1.530776,0.153243,-0.185718,-1.498646,-1.038689,-0.557407,1.396885,-0.527823,-0.468039,-1.120157,-1.437673,-0.661433,-1.548669,0.098546,-1.055529,0.445203,-0.577033,1.137498,-0.830335,1.889976
0.560727,-1.060773,-0.744228,-1.016911,1.486387,-0.617865,-1.252873,-1.736865,-1.498604,-0.397918,2.801939,-1.079356,-1.645591,-1.865116,-1.042434,-0.890747,-2.097211,0.384654,-1.158051,-0.506932,-1.166857,1.442920,0.366319,1.777422
0.838583,-0.147111,-0.813244,-0.800047,1.047321,-0.077969,-0.442462,-1.288127,-1.263201,-0.507277,0.908779,-1.138550,-0.592840,-2.042658,-0.732185,-0.333770,-0.938097,-0.135127,0.179714,0.292499,-0.780827,0.697272,0.287473,0.397443
-0.712313,0.043056,0.199916,0.302448,0.233555,-0.155641,-0.027956,-0.040531,-0.758367,-0.496943,0.081743,0.223725,-0.988172,-0.330600,0.016926,0.172734,-0.573737,-0.210107,-0.065051,-0.456951,-0.262898,-0.028194,0.281354,-0.252279
-1.058090,0.237942,-0.010634,0.066209,0.293999,-0.641756,-0.588896,-1.253068,-1.040641,-0.105164,-0.634589,-1.106659,-1.180572,-0.689816,-0.641421,-0.853986,-1.290113,-1.313193,-0.151635,-0.788453,-0.564140,-0.783572,0.290415,-0.507293
0.347771,0.024716,0.227822,0.014942,1.527064,-0.574934,-0.242842,-1.392965,-0.987675,-0.639694,0.468418,-0.256456,-1.171687,-1.149748,-0.462005,-0.515865,-0.491554,-0.011394,-0.885967,-0.135404,-0.524785,0.937076,0.222708,2.600904
0.009277,0.045104,0.530110,0.094732,-0.061094,-0.684558,-0.154200,-0.597917,-0.676938,0.667282,0.244749,-0.589100,-0.611029,-0.542421,-0.137678,-0.246458,-0.489577,-0.264443,-0.390215,-0.232242,-0.624136,0.256212,-0.291247,0.616858
-0.204182,-0.341919,0.011863,0.352549,1.409269,-0.395790,0.415188,-0.937756,-0.135814,-0.182418,0.344454,0.241795,-0.326940,-0.807069,-0.390406,-0.075847,-0.682837,-0.062528,-0.291062,0.112032,-0.815000,-0.079673,0.244603,0.391715
0.111148,-0.664377,-0.239185,-0.294159,0.363832,-0.015664,-0.564038,-0.921828,-0.824968,0.256327,0.327683,-0.460704,-0.715097,-1.052022,-0.171588,-0.805506,-0.047759,0.804962,-0.706966,0.214317,-0.763101,0.120552,0.191851,0.301260
-0.410237,-0.413971,1.570403,1.351787,0.364768,-0.162415,0.734059,-0.657466,-0.951519,0.163763,-0.163653,0.257186,-0.918796,-0.514199,-0.071824,0.075748,-0.743676,-0.944597,-0.109812,-0.126793,-0.375261,-0.244994,0.356389,-0.376126
0.899857,1.782908,0.821566,0.653847,0.009049,0.313034,1.268746,0.240416,-0.049372,0.205671,-0.557985,0.513019,0.283017,0.237216,-0.784201,1.392897,1.225885,0.055131,2.037387,0.175515,-0.149563,0.518560,0.426300,0.285848
1.535700,2.219339,0.478408,-0.428346,1.461692,-1.047319,-0.026574,-0.906475,-0.694497,-0.579957,-0.578095,-0.292171,-0.994460,-0.704776,-1.083186,1.076875,1.281422,0.762547,0.746280,-0.228885,-1.094362,0.669724,0.391936,1.691166
1.382327,1.268827,0.185572,-0.041941,0.750360,-0.044363,1.067301,-1.201592,-1.278200,-0.401323,0.265280,-0.396378,-0.790866,-0.929605,-1.137543,0.192035,0.104212,-0.502463,0.640615,-0.315719,-0.999906,0.585574,0.329912,1.865869
0.177875,-0.596075,0.737791,0.545299,0.506446,0.052443,0.527841,-0.600201,-0.997275,-0.141061,0.818753,0.265343,-0.469971,-0.560425,-0.838783,0.572103,0.040339,0.043499,0.428824,0.308740,-0.305131,0.629120,0.239703,-0.071394
0.433460,-0.039485,0.889653,0.769222,-1.015669,0.269282,1.482762,1.196456,0.438130,0.969578,-0.460614,0.370384,0.519122,0.466015,-0.060513,2.494857,0.608703,0.886777,1.353318,-0.458631,0.327222,-1.038162,0.480126,-0.521614
2.487440,2.037245,1.107213,1.475661,-0.445877,0.066156,0.834581,0.687780,-1.046810,0.827791,-0.376657,1.246933,0.525250,0.149189,-1.223195,1.143666,0.952591,-1.341290,1.322781,1.302423,1.912186,0.281859,0.407731,1.183327
0.918193,0.195317,1.790176,1.516439,-0.499925,-0.187519,1.345540,-0.065527,0.248259,0.740601,-0.145838,1.137180,0.606761,0.981934,-0.576344,0.603064,-0.298854,-1.273423,0.317349,1.339917,1.505385,-0.645551,0.401468,0.159961
1.034803,0.927615,0.600189,2.438772,-0.316970,-0.052349,0.254709,-0.894249,-0.178948,0.938175,-0.459565,0.788371,-0.600180,0.192295,-0.900568,0.442823,-0.221495,-1.154093,1.378493,0.768948,1.090015,0.293624,0.411752,0.064086
1.133184,0.328485,0.525928,0.597948,-0.325435,-0.100315,-0.196559,-0.364035,-0.314134,0.296260,-0.040301,0.227833,0.115217,-0.149352,-0.540593,0.633648,-0.091347,1.085007,1.033850,0.107205,-0.283442,0.354022,0.331560,0.526268
-0.215025,-0.619228,1.571111,3.058054,-0.044834,0.163419,1.004013,-0.252798,-0.749664,1.194029,0.455642,1.079935,0.120425,-0.009682,-0.684251,0.190803,-0.383094,-0.532683,1.033900,0.381978,0.090835,-0.138465,0.397292,-0.394554
-0.973195,-1.031601,0.880705,2.098312,-0.656991,0.584313,0.839692,0.281829,-1.256000,0.388644,0.127419,0.655192,-0.319801,-0.468268,0.271299,0.063703,-1.224630,-0.051614,-0.413914,0.180596,-0.637610,0.157384,0.335216,-0.521365
-0.086283,-1.090385,0.937145,1.335943,0.291242,0.674705,0.231084,-0.330978,-1.170159,0.006847,-0.074820,0.773884,-0.920087,-0.820212,-0.889089,0.234008,-0.296156,1.146001,0.403245,0.108196,-0.633836,0.749971,0.317330,-0.453676
-0.429551,-0.753908,0.991744,0.799256,0.247760,0.461659,1.370447,0.368281,-1.235187,0.122277,0.047324,0.618579,-0.115065,-0.707246,-0.502971,-0.170718,-0.880073,0.426061,-0.600131,0.631328,-0.989362,0.291064,0.261534,0.237266
0.057932,-0.175268,-0.011185,-0.066464,0.328246,0.610260,0.332807,-0.137468,-0.803825,-0.006585,0.003093,0.641371,-0.577494,-0.980166,-0.795023,0.376197,-0.703896,0.467637,-0.452349,0.267618,-0.895157,1.013583,0.139008,0.225130
0.536168,-0.396023,-1.256491,-0.665948,1.272117,-0.955022,-1.263915,-1.508858,-1.007844,-0.635293,1.527867,-0.755848,-0.830474,-1.584043,-0.778227,-0.608605,-1.157552,0.146024,-0.701232,-0.037132,-0.612921,0.542509,0.249575,1.518549
0.003302,-0.801052,0.819241,0.313483,-0.338076,-0.032822,-0.003354,-0.203259,-0.680564,-0.450056,0.770627,-0.215964,-0.254058,0.376670,-0.238545,0.006419,-0.257084,-0.040593,0.227307,0.069178,0.083898,0.137782,0.155795,-0.259872
-0.100610,-0.558352,-0.014112,-0.443294,0.088839,-0.480696,-0.867900,-0.530347,-0.100547,-0.171065,-0.030877,-0.876214,-0.101942,-0.961844,-0.754909,-0.568891,0.264928,-0.254576,-0.376953,0.149606,-0.568253,-0.185654,0.119964,0.375446
0.320069,-0.745306,0.412323,-0.310793,-0.060669,-0.667732,-0.109354,-1.477633,-0.703011,-0.457021,1.320646,-0.001217,-0.526874,-1.307253,-0.330441,-0.600422,-0.244198,0.127333,0.020084,-0.301173,-0.486598,-0.021977,0.214829,-0.218543
0.271117,-0.369389,-0.551993,-0.905408,-0.362598,-0.249048,-0.563471,-1.474887,-1.131316,-0.435491,1.323611,0.048410,-1.106087,-1.025720,-0.334522,-1.145105,-0.553736,0.015521,-0.830758,-0.304081,-0.505916,0.577816,0.199810,0.054911
0.011004,-0.691541,-0.316822,-0.821098,1.034709,-0.801598,-1.155913,-0.734954,-0.774443,-0.190255,0.448008,-1.116704,-0.192218,-1.350445,-0.418967,-0.653371,-1.330847,0.552095,-0.749137,-0.491021,-0.702875,0.319288,0.159918,0.219396
0.979825,-0.398579,-0.128873,-0.558820,0.542082,-0.199069,-0.167552,-2.044406,-1.528345,-1.313817,1.114166,-0.573474,-1.470655,-1.349495,-0.051044,-0.662052,-1.354273,-0.454251,-0.286413,-0.065258,-0.958995,1.421515,0.188563,0.763035
0.626298,-0.720740,1.458495,3.455057,-0.346336,-0.397653,1.709679,-0.362382,0.152329,4.793982,0.096786,0.859310,0.648816,2.577263,2.604606,1.070258,-1.723096,-2.385250,1.960517,1.386169,0.884568,-1.722850,0.463215,-1.444175
-1.299910,-1.694211,1.244989,2.213176,-0.945630,-1.253731,0.413383,0.875753,0.918198,1.655586,-0.911256,0.232628,-0.216446,1.795290,4.366043,2.482594,-1.123025,-1.619491,-0.919808,-1.008046,-0.462252,-2.205836,0.404181,-1.576195
-0.754772,-1.034338,0.976992,2.539987,-0.038397,-0.497845,-0.107510,-0.424957,-0.165338,1.146765,0.158654,0.430075,-0.989848,0.904728,0.533890,0.872524,-1.430842,-1.071736,-0.505964,-0.480328,-0.429802,-0.830906,0.319044,-1.130361
-0.406275,0.052729,-0.091566,-0.086291,0.974664,-0.562883,-0.299209,-0.528949,-0.604879,-0.489023,-0.014454,-1.162749,-1.279959,0.322439,-0.218618,-0.018514,0.009905,0.053743,-0.512871,-1.081759,-0.563758,-0.146316,-0.729236,-0.011258
-0.503562,-0.776451,-0.440538,-0.258299,-0.894798,-0.448496,-1.333800,0.624181,-0.884788,-0.507343,-0.889384,-0.751550,0.054031,-0.828356,-0.541333,0.021841,1.295043,4.677478,0.414613,-1.340379,-0.750063,-0.900373,0.082575,-1.737082
-0.857541,0.007721,-0.873722,-0.133189,-0.687975,0.032493,-1.134732,0.156381,-0.148385,-0.363296,-1.225016,0.101438,1.046857,-1.485772,-0.871183,-0.362749,3.492779,4.629886,1.075481,-1.226981,-0.903167,0.046379,0.245953,-1.888106
-1.628056,-0.851783,-1.034660,-0.180302,-0.256226,-0.042984,-1.047968,0.854522,-0.888524,-1.091228,-0.761850,-0.105469,0.866773,-0.706094,-0.133224,-1.059228,0.916163,5.263167,-0.602797,-0.644169,-0.673709,-0.249745,0.336790,-0.585405
-0.806180,-1.226742,-1.611853,-0.741094,-0.068664,-0.319681,-0.724361,0.187116,-1.051170,-1.027296,-0.202818,-0.378298,-0.804212,-0.769378,-0.814554,-1.206371,0.172682,4.500552,-0.187283,0.626784,-0.529405,0.309656,0.209679,0.563854
-1.055390,0.084989,-1.676293,-0.790147,-0.470532,-1.153131,-2.234141,-0.991086,-0.298398,-1.380046,-1.440855,-1.099539,0.069646,-1.364391,-0.135086,-1.693297,4.959781,1.903101,-0.863890,-0.285055,-0.108370,-0.878982,0.312275,-2.153086
-1.303193,-0.267023,-0.546644,-1.430877,-0.464714,-0.866350,-1.570564,0.686283,-0.290846,-1.091387,-1.353082,-0.890852,0.388361,-1.475318,0.231592,-0.193727,3.722061,3.865198,-0.260324,-1.051402,-0.745467,-0.642609,-0.130651,-1.124408
-1.315929,-1.467387,-0.962885,-1.041212,0.001629,-1.409293,-2.251688,0.819563,-0.822293,-1.027953,-2.149103,-0.756742,0.375343,-0.897658,-0.293369,0.096398,1.394334,6.080193,-0.805708,-1.293693,-1.368367,-1.306599,0.152065,-1.895811
-0.349420,-1.158895,-0.449281,-1.275102,-0.259031,-1.201651,-1.240803,-0.746780,-1.155001,-1.274412,-0.231169,-1.448255,-0.219792,-1.150344,-0.529325,-0.844771,0.151332,6.344976,-1.005498,-1.071534,-1.055739,-0.386617,-0.657857,-0.751742
-0.637702,0.387538,-0.523651,-1.000962,0.320955,-0.382098,-0.168252,0.218751,-1.110617,-1.014966,-0.865316,-0.630159,-0.202961,-1.115700,-1.175950,-0.450018,4.315714,1.905177,0.504210,-0.690463,-0.140081,-0.539090,0.019378,-0.859389
-1.077567,-0.706203,1.019592,0.393884,-0.422317,0.322589,1.261694,0.636976,-0.401177,-0.681115,0.542612,-0.339961,-0.337879,-0.992418,-0.375830,-0.271340,0.477308,3.359752,0.510292,-0.319269,-1.396909,0.205233,0.395914,-0.843289
-1.068502,-1.983702,0.498565,0.061751,-0.706109,-0.208844,0.395904,0.347354,-1.253920,-0.371873,0.813349,-0.057470,-0.425045,-1.134859,-0.351951,-1.358719,-1.062616,5.504137,-0.643164,-0.821031,-1.780328,0.134247,-0.075034,-0.909470
1.867829,-0.683850,0.034618,0.274406,0.576699,-1.128761,-1.048106,-2.329440,-1.488131,-1.299765,0.442506,-0.551436,-0.907923,-1.063155,-0.898058,-0.487086,0.194335,0.936183,-0.471481,-1.154191,-0.765594,1.409735,-1.247229,0.270629
0.300279,0.509339,2.231903,3.361998,-0.929402,-0.334619,2.103489,-2.097518,-2.012372,1.507036,2.290666,1.263813,-0.648383,0.097799,-1.056760,-0.763372,-0.155913,-1.051095,3.112729,0.941974,0.717264,-0.624460,0.393900,-0.463513
-0.146449,-0.735078,0.429830,0.662900,-0.464491,-0.172827,1.394166,-1.496538,-1.885823,-0.329799,1.701493,0.122534,-1.843611,-1.598640,-1.131722,-1.164133,-1.326731,1.075244,-0.224140,-1.013323,-1.332862,0.861334,0.027966,-0.267746
-0.744974,-1.037257,-0.174641,-0.913439,-0.581430,-0.324703,-0.468721,1.182417,-0.722574,-1.773250,-1.098056,-0.512460,-0.871312,-0.656753,-0.468266,0.620079,0.720717,4.751157,-0.796633,-1.135799,-1.436449,-0.426969,0.189162,-2.451828
-1.859851,-1.795961,-0.103981,-0.139711,-0.477877,-0.780949,-0.882026,0.375346,-1.392764,-1.028453,0.161548,-1.418641,-0.617113,-1.607880,-1.560418,-1.469627,-0.712659,4.626801,-0.314189,-1.218569,-1.234444,0.263659,0.338570,-0.172570
0.323522,-0.686278,-0.424403,-0.068766,-0.968394,0.126251,-0.446131,0.633252,-0.915598,-1.372963,-0.558454,0.056265,-0.060131,-0.708077,-1.217702,-0.285673,0.764647,4.627370,0.404700,-1.303842,-0.224859,0.360139,-2.027127,-0.943389
-1.079804,-0.490746,-0.009031,-0.735268,-0.582268,-0.924774,-1.011608,2.350780,0.972583,-0.427095,-2.003128,-0.539158,0.776740,0.846873,-0.817806,2.837675,-0.229950,2.788872,-1.156008,-1.261511,-0.677314,-1.252336,0.007008,-0.449696
-2.028349,-1.190383,0.968819,2.272489,-0.893844,-0.810357,0.601749,1.039157,1.251360,3.221210,-1.847618,0.599821,0.959322,1.899250,2.288564,1.827357,-0.891713,-0.594042,-0.760321,-0.965886,-0.139151,-2.138901,0.462787,-2.020150
2.637173,-1.411648,-1.896117,-1.244593,-0.022418,-1.028234,-2.240323,-2.301726,-1.633921,-1.703229,0.205887,-0.307115,-2.245396,-1.348185,-0.846841,-1.573330,-1.986551,-0.278532,-2.241471,1.280932,-0.528982,1.512755,-0.384161,-0.542841
0.030155,-1.034718,-0.507895,0.584845,2.801969,-1.487617,-2.170270,-2.621298,-1.588493,-1.003017,-0.109595,-1.395792,-1.251165,0.583475,-0.918160,-0.425916,-1.051151,-0.688803,-1.086321,2.506374,-0.012580,-0.827675,-0.346020,-0.996336
0.583302,-1.299663,-1.444577,-0.447801,2.764312,-1.037655,-2.178950,-2.446259,-2.189162,-1.136292,-0.128291,-1.154610,-1.969919,-0.461007,-1.180103,-1.301075,-1.301942,-0.743550,-1.365158,2.189097,-0.236865,-0.293732,-0.832835,-1.492555
-0.435438,0.259593,-0.627647,0.830005,1.502114,-0.437774,-0.546057,-1.275427,-0.278222,-0.839025,-0.175428,0.153010,-1.414748,0.972402,0.481862,-0.653879,-0.999581,-1.558396,0.329239,0.933503,-0.057245,-0.038102,-0.019323,-0.458716
0.800566,-0.301745,-1.134316,-0.567658,-0.072977,-1.278256,-1.746021,-1.779198,-1.026863,-0.128193,-0.989617,-0.968786,-1.113722,-0.426989,-0.856229,-1.310753,-1.378142,-0.538151,-0.756940,0.186575,0.004360,0.035433,0.176822,-0.951651
0.941701,2.553006,-1.291724,-0.813414,0.094475,-0.206688,-0.473261,-0.717093,-1.077030,-1.292206,-0.740528,-0.628531,-0.571219,-1.637273,-0.849839,-0.662856,1.188134,-0.740721,0.399191,0.096930,-1.088346,0.408971,0.266407,0.385642
-0.560056,1.505253,-0.564931,-0.675498,-1.134315,-0.317066,-1.669962,0.101953,-0.760065,-1.786611,-2.359744,0.304588,2.198520,-1.399138,-0.789507,-0.373973,11.008789,1.722759,1.441992,-1.642988,-0.568430,-0.337069,-0.795702,-2.048558
0.359767,3.956707,-1.056995,0.077535,-0.189452,-0.122157,-0.724578,-0.350362,-0.706468,-1.191061,-1.582868,-0.282857,1.770992,-0.951683,-0.836675,-0.290725,12.049868,-1.026008,2.467110,-1.014609,0.561547,-0.313436,-0.158352,-0.607024
0.276064,-0.206954,-0.166244,0.291102,3.750009,-1.353858,-1.538614,-2.188519,-0.614109,-0.900546,-0.067865,-1.219287,-0.714560,1.072568,-0.788922,-0.120990,-1.065132,-0.721318,-0.234104,2.292491,1.114304,-0.610957,0.081125,-0.345060
1.783716,0.295220,-0.956148,-0.832956,2.013421,-1.449469,-1.897874,-2.470479,0.518182,-0.874427,-0.774983,-1.072789,-1.321315,2.423318,-0.739950,0.179878,-1.238907,-1.754828,-0.682216,1.264745,1.565253,-1.000913,0.335566,-0.365122
0.139090,4.099696,-0.990116,-0.242139,1.307528,-1.440117,-1.423521,-1.368830,-0.766807,-1.231394,-1.257557,-0.609311,-0.071331,-1.152872,-0.898961,-0.678989,5.439726,-1.202706,0.421007,-0.311948,0.272863,-0.022690,0.325225,0.611535
1.296748,4.488210,-0.976071,-0.772026,0.475631,-1.001613,-1.072065,-0.883179,-0.551229,-1.016048,-1.542211,-1.168606,0.804979,-1.314744,-0.705636,1.078519,8.775565,-1.576841,2.118197,-1.281765,0.346273,-0.979618,0.022650,-0.216147
0.953186,3.807900,0.105425,-0.034607,0.952507,-0.027704,-0.350998,-0.499786,-0.406183,-1.015805,-1.201932,-0.132784,1.013829,-0.799048,-0.570852,1.110141,6.645274,-1.287142,2.254925,-0.337929,-0.132942,-0.207539,0.352618,0.460780
0.911893,0.111260,-0.561228,-0.014031,1.237387,-0.386891,-0.710573,-1.025138,-1.211320,-0.618341,-0.332001,-0.605452,-0.097108,-0.653966,-0.317728,-0.254924,-0.435265,-0.525629,-0.200364,0.711005,0.202440,0.420400,0.156575,0.766684
1.146671,2.170589,-0.993134,-0.042093,2.549356,-0.897725,-1.365976,-1.168536,-1.040200,-0.425581,-0.668037,-0.378857,-0.395527,-0.873882,-0.470353,-0.432609,0.215365,-1.060526,-0.645506,0.512413,0.363112,0.484880,0.209045,1.276222
1.267338,0.960716,0.494072,0.723789,0.570277,-0.876776,0.154547,-0.993765,-0.038166,-0.167880,0.458732,-0.231316,-0.152464,0.556790,-0.354846,0.587428,1.406986,-1.297625,0.598224,0.197837,0.728365,-0.654331,0.224946,0.731547
0.140176,0.198010,-0.466694,-0.143622,0.871064,-0.919866,-0.751782,-0.846636,-0.665363,-0.268148,-0.356058,-0.787205,-0.385939,-0.458946,-0.027823,-0.475641,-0.638179,-0.341659,-0.226739,-0.125662,-0.148603,-0.364401,0.153087,0.340632
0.804889,0.492778,-0.591639,0.244837,0.753261,-1.391833,-1.037056,-1.598772,-0.364321,-0.283107,-0.543887,-0.662203,-0.177048,0.108842,-0.131886,0.205606,-0.166018,-0.193217,0.365995,0.564395,0.739929,-0.259512,0.187598,-0.507784
2.614566,0.027163,-1.027512,-0.281510,0.691233,-1.250706,-1.391346,-1.074905,1.026305,-0.104517,-0.828121,-0.426046,-0.675584,0.606316,-0.168843,-0.247595,-0.351391,-0.673642,-0.174564,-0.321465,0.667811,-0.439699,0.217921,-0.566849
1.723915,0.202178,0.185729,0.166592,0.206564,-1.199939,-0.623383,-1.039848,1.223960,0.365138,-0.039009,-0.341645,0.277899,1.362606,0.580933,1.442207,0.149921,-1.053165,0.480126,0.004474,0.275788,-0.899632,0.266695,0.329064
3.024071,-0.076735,-0.153054,0.330537,-0.420653,-1.571538,-1.050910,-1.256303,3.135440,0.581906,-0.776463,-0.358766,0.421025,2.935942,0.413993,2.421978,-1.344992,-1.195121,0.893838,0.080061,2.097072,-1.184923,0.234056,-0.967982
2.244872,1.493508,0.294737,-0.185019,0.042562,-0.143764,-1.118675,-0.652646,1.575403,-1.156359,-1.427573,0.138106,0.253520,-0.133422,1.062997,2.288364,3.388453,-0.892736,0.234229,-1.576679,0.521831,-0.651511,0.367846,1.101454
1.867700,0.971671,-0.511915,-0.624116,0.869058,-1.272873,-1.587618,-1.055368,2.813438,-0.015110,-1.517621,-0.625142,-0.397502,1.272465,1.671974,2.156267,-0.107206,-0.832064,-0.156525,-0.510139,0.319893,-1.246644,0.318906,0.631641
0.622678,0.010950,-0.345421,-0.456121,1.776083,-1.862219,-0.657476,-1.615725,1.153877,-0.677083,-0.599317,-1.044290,-0.850304,-0.043449,0.191303,0.728357,0.245319,-1.144634,-0.473010,-0.147274,0.053032,-1.015764,0.311450,1.691913
-0.244338,-0.095959,0.402978,0.593329,0.391408,-0.655397,0.024372,-0.161813,0.133568,0.150165,-0.220253,0.078197,0.065221,1.962541,1.570975,1.024899,-0.998055,-0.647995,-0.191541,0.528189,0.716061,-0.759833,0.117316,-0.495671
-0.417790,0.544433,-0.262296,0.131181,1.603298,-1.424596,-0.747038,-1.213937,0.252775,0.249548,-0.351824,-0.812424,-0.506947,1.131184,-0.326123,0.751201,-0.896691,-1.094185,0.172387,0.375893,0.032631,-1.510298,0.259095,-0.236872
-1.307374,-1.334226,1.394752,3.508589,-0.955597,-0.222262,1.359049,0.560962,-0.051142,3.432400,-1.187733,1.186036,0.363718,1.125511,0.689226,0.828865,-0.615833,-0.772426,0.076447,0.389712,-0.287614,-1.407571,0.496924,-1.562015
0.159202,-0.170011,1.680195,2.279618,-0.249368,-0.237852,0.734406,-0.362360,-0.203532,2.733421,-0.056715,1.008558,0.228698,2.571560,0.723857,0.682692,-1.189607,-2.460166,1.410565,1.784735,1.092615,-0.851230,0.375033,-0.559185
1.183377,-0.778154,0.889297,1.374166,-0.029600,-0.923774,0.128428,-1.105099,2.117781,1.237215,0.229369,0.219344,0.195160,4.329081,0.743191,1.481141,-2.017558,-2.252703,-0.025936,1.501488,1.132161,-2.099015,-0.459345,-0.791288
-1.213827,-0.380114,-0.469226,-0.899680,-0.729276,-0.085214,-1.313484,2.238249,0.101567,-0.939239,-2.206108,-0.991974,-0.198231,-0.979109,0.009980,2.468951,0.555076,7.087644,-0.307697,-1.687186,-0.770295,-0.659850,0.199374,-1.218563
-0.581704,-0.767809,0.078261,-1.161078,0.395233,-1.029820,-0.429050,0.603618,0.045976,-0.474281,-1.169023,-0.661424,0.206883,0.033143,-0.132294,2.079161,-0.189827,3.102872,-0.897720,-1.034066,-0.450379,-1.285603,-0.026200,-0.060718
-0.640346,-0.863742,0.856306,0.572404,0.964856,-0.570956,0.324613,-0.427693,-0.344644,1.228621,0.092773,0.365840,-0.452277,0.333603,-0.051637,0.943513,-0.319839,0.012937,-0.675424,-0.124224,-0.389366,-0.725177,0.329092,0.364039
-0.410038,0.408155,-0.409631,-0.150441,2.482539,-1.179138,-0.796246,-0.913236,-0.259676,0.038683,-0.580324,-0.009314,-0.672405,0.206844,-0.076679,0.498239,-0.758340,-1.052908,0.071006,-0.248604,0.010720,-0.469529,0.320416,1.932203
-0.321532,0.759209,0.221511,0.269519,1.359068,-0.316564,-0.215224,-0.526063,-0.254848,0.760291,-0.000481,0.682563,-0.287488,0.899895,-0.339326,0.772393,-0.157794,-1.218791,0.749332,0.727435,0.030234,-0.195764,0.275180,0.978809
-0.283170,-0.871408,-0.486286,0.667196,-0.474921,0.359334,-0.014069,0.082873,1.935202,0.708418,-0.115768,1.390260,0.461076,1.107102,1.196337,1.443358,-1.053620,-0.512352,-0.796321,-0.207575,-0.084470,-0.330341,0.214445,-1.314640
0.349457,0.117767,-0.465389,-0.016286,1.302942,-0.172642,-0.796123,-0.633009,-0.064007,-0.656592,-0.586638,0.021973,-0.083846,1.047518,0.007318,-0.002041,-0.807663,-1.004983,0.195146,0.220124,0.539045,-0.439739,-1.318917,-0.188997
1.464516,-1.347042,0.725613,-0.490755,0.167525,0.152162,-1.050441,-0.601269,2.625328,-0.444972,-0.098509,0.431307,0.226152,1.147060,-0.568308,0.362131,-1.055061,-1.785023,-0.255034,0.329094,1.914719,-1.346759,0.278289,-0.738232
0.711127,-0.046540,-1.129350,-0.946478,3.878307,-1.116106,-1.999639,-2.738984,-0.629110,-0.617384,-0.740494,-1.386133,-1.654310,2.183832,-0.501756,-0.209033,-1.515739,-1.757333,-0.829336,1.855690,0.890938,-0.780830,0.355293,-1.009282
2.397928,-0.716485,-0.830675,-1.499672,-0.493006,-1.302541,-1.510702,-1.003641,6.665699,0.075945,-2.628883,0.216679,0.703321,3.121207,2.687535,4.454286,-2.144292,-1.732446,-0.961871,-0.588994,2.025476,-1.677549,0.416107,-0.908271
1.152072,-1.115810,-0.418647,-1.214875,-0.664763,-1.273241,-1.416525,-0.507494,6.236972,0.300594,-1.381488,-0.166137,0.635313,2.270039,2.047305,4.674059,-0.882613,-1.160334,-0.597635,-0.906748,1.074046,-1.477335,0.339290,-0.657844
0.215048,0.570034,-0.575624,-0.968061,0.549946,-1.294512,-1.461219,-1.922599,2.228729,0.031261,-1.338979,-0.299448,0.147310,2.053253,0.930887,1.369995,-0.442087,-1.290099,-0.633524,-0.122116,1.022442,-1.733844,0.334203,-1.787486
1.192324,0.428564,-0.521559,-0.789008,0.487197,-1.699249,-0.992818,-0.948008,1.843783,-0.676652,-0.400732,-0.499749,0.311702,1.941962,0.937339,1.726318,-0.739342,-0.744118,-0.851740,0.119641,-0.014549,-0.913883,0.282546,0.096790
1.706904,0.149038,0.497481,-0.792627,0.980517,-1.182768,-1.194005,-2.067880,0.945790,-0.659332,0.349120,-0.295074,-0.229654,2.082831,-0.295639,0.084748,-1.135924,-1.762861,-0.161365,0.749437,1.713594,-0.925095,-1.278434,-0.062343
0.808315,0.394507,-0.420180,0.831372,2.324842,0.248221,-0.426748,-0.648401,-0.052684,-0.422793,-0.365333,0.026760,-0.903694,-0.463294,0.181944,0.354120,-0.818258,-1.717108,-0.175035,0.457118,0.375849,0.621128,-0.023014,1.389115
0.266080,0.565694,-0.460251,0.789951,0.751012,-0.663814,-0.257285,-1.355365,-0.837516,-0.244962,-0.551279,-0.574939,-1.002971,-0.411539,0.170286,-0.021792,-0.446852,0.051220,0.359999,-0.113887,0.361059,-0.281754,0.148485,0.097899
1.841097,-0.286139,-0.425592,-0.399420,1.053719,-0.747029,-1.282124,-1.408423,1.713604,-0.709833,-1.081845,-0.942345,-0.128180,2.068150,-0.215736,0.229261,-1.211902,-1.455378,0.011221,0.911446,1.830698,-1.395417,0.323060,-1.351888
0.215166,-1.752482,-0.765296,-1.293024,1.000146,-0.583898,-0.869681,-1.260625,-0.913457,-0.557385,1.687683,-0.637247,-1.589956,-1.964065,-0.904789,-1.178337,-2.133224,1.099853,-1.281790,-0.720753,-1.120647,1.200088,0.253742,-0.260923
0.935573,-0.867438,-0.335507,-0.906170,1.477531,0.122850,-0.588147,-0.940425,-0.616733,-0.191228,1.914383,-0.277437,-1.364950,-1.504156,-1.363835,-0.114291,-1.184229,1.212977,-0.976484,-0.556463,-1.465791,0.884367,0.300962,0.800114
0.596835,-1.218324,-0.944830,-0.843589,0.333696,-0.324394,-0.872205,-1.335199,-1.489898,-0.791153,2.824357,-0.998092,-0.809913,-1.481513,-0.336151,-0.541962,-1.324725,0.267155,-1.186404,-0.439928,-0.757709,0.938036,-0.109417,-0.000843
-0.358783,-1.015012,-1.065715,-1.224080,-0.558255,-1.444650,-1.488111,-1.086575,-0.993075,-1.161492,-0.613197,-1.065146,-0.469941,-1.509265,-0.451459,-1.303839,0.695045,4.583970,-0.820169,-1.048771,-0.775585,-0.059450,0.211950,-0.803344
-0.360477,-1.540290,-1.410831,-1.342293,0.107141,-0.542977,-0.700097,0.458563,-1.232317,-1.692505,0.281882,-0.458914,0.352306,-1.324207,-1.221817,-0.881695,0.252523,5.276150,-1.010711,0.141400,-1.538393,0.192486,-0.898533,-0.202130
0.721643,0.234212,0.851690,1.110627,-0.083960,-0.283113,0.746374,-1.088231,-1.246408,0.380185,-0.315145,0.734996,-0.897722,-0.443012,-0.175193,-0.252156,1.193537,1.030555,1.214265,0.347720,-0.337713,0.010279,0.398562,-0.278617
-0.262134,-0.671543,1.316854,0.470592,0.736411,0.609988,-0.259704,0.174858,-0.855151,0.316552,0.615240,0.599250,-0.400868,-0.070177,-0.419106,0.489112,0.147364,1.176764,-0.232367,0.276094,0.020763,1.118272,-0.287163,0.123065
1.179352,-0.503889,0.651901,0.409231,0.450592,0.951157,0.736350,-0.286996,-1.260454,0.044662,1.054972,1.157323,-0.641330,-0.184590,-0.464615,0.337920,-0.172956,0.850165,0.758933,-0.181731,-0.319768,1.052321,0.286048,0.020984
0.694585,0.016151,-0.846755,-0.149650,0.108576,-0.658011,-1.168399,-0.767373,-0.837200,0.032987,-0.610853,-0.271139,-0.281723,0.323159,-0.437745,-0.583507,-0.626791,-0.503467,-0.086240,0.367974,0.123660,-0.155025,0.117493,-0.136303
-1.002215,1.848625,-1.801242,0.006481,-0.751727,-1.874556,-2.147271,-1.533168,0.082044,-1.500301,-2.031867,-0.941229,1.076529,-1.229500,-0.457429,-1.292121,9.558905,1.255650,0.380075,-1.114544,0.202224,-1.180476,-0.271531,-2.161724
-0.563069,2.686596,-0.623267,-0.097443,-1.136928,0.163136,-0.814281,1.041798,0.255999,-1.484948,-1.565558,0.081965,3.475380,-0.469800,-0.931288,0.513857,12.101016,0.659013,2.215332,-0.793979,0.372252,-0.364037,-1.014344,-1.388180
-0.049569,0.959484,-0.574226,-0.778581,-0.563177,-0.187505,-0.774854,-0.250255,-0.483176,-1.245196,-1.547202,-0.224422,1.142038,-1.098989,-0.160960,-0.139614,8.695748,0.249880,1.024580,-1.195526,0.162783,-0.705846,-0.969141,-0.977907
0.913974,4.046539,-0.877225,0.058554,2.334024,-0.444171,-1.348014,-0.919574,-0.423969,-0.902553,-0.957909,-0.299030,0.248214,-0.671438,-0.754557,-0.101492,3.197571,-1.493941,0.755842,0.678516,0.187455,0.314178,0.302346,1.749310
0.302789,0.169527,0.317116,0.013294,0.967969,-0.145783,-0.571852,-0.647419,-0.730736,-0.193485,0.245638,-0.025898,-0.146435,-0.771073,-0.129808,-0.201295,0.656513,-0.887009,-0.039335,0.427035,-0.386754,0.360315,0.184295,0.480535
-0.020685,0.852549,-0.761521,-0.938853,0.499448,-0.769389,-1.537333,-1.007263,-1.595458,-1.268881,-0.714554,-0.270336,-0.298099,-1.461526,-1.336354,-1.178130,1.608046,1.764429,-0.014627,-0.138070,0.090695,0.568447,-0.057354,-0.174368
0.167975,-0.971478,1.130008,2.079267,-0.770219,0.346455,2.439658,-1.204317,-1.600332,0.482404,1.507002,1.217426,-1.068228,0.370815,-0.632204,-0.599591,-0.428392,0.316376,1.380699,-0.111198,0.382430,0.342884,0.484712,-0.321799
0.380886,-1.560722,0.602255,-0.662919,1.046975,-0.108550,1.302614,-1.635925,-2.090459,-1.368572,2.068570,-0.173095,-1.506545,-1.417163,-0.403478,-0.888938,-1.631373,0.741328,-1.186050,-0.446841,-1.024864,0.884743,0.400514,0.017176
